cart_ID,cust_ID
1,4332
2,2791
3,6551
4,3899
5,3203
6,2599
7,2753
8,4982
9,566
10,1110
11,923
12,24
13,3271
14,6736
15,5844
16,2313
17,1172
18,4325
19,3469
20,5152
21,1575
22,1891
23,2822
24,6633
25,5272
26,2141
27,600
28,4555
29,2429
30,6239
31,86
32,325
33,5070
34,1659
35,4003
36,5347
37,2743
38,2406
39,6147
40,169
41,1855
42,628
43,1230
44,6945
45,1300
46,4848
47,3943
48,6206
49,577
50,5981
51,2745
52,5477
53,2315
54,1859
55,4470
56,4304
57,5036
58,5407
59,6032
60,3056
61,4525
62,3360
63,3645
64,5655
65,188
66,2221
67,4207
68,711
69,1008
70,6590
71,228
72,1922
73,2776
74,790
75,3741
76,3157
77,4373
78,1616
79,5713
80,2714
81,1861
82,5010
83,1358
84,6195
85,1397
86,6818
87,1026
88,6499
89,602
90,5089
91,2551
92,6941
93,436
94,1738
95,2500
96,4553
97,4252
98,2770
99,3838
100,5771
101,2203
102,1451
103,3941
104,1770
105,3756
106,5288
107,253
108,6281
109,6297
110,34
111,1355
112,226
113,2502
114,3028
115,4494
116,4499
117,1754
118,2870
119,1776
120,1568
121,1693
122,6169
123,4921
124,4551
125,1076
126,3222
127,2645
128,1404
129,88
130,5604
131,3391
132,587
133,3223
134,3029
135,5962
136,6859
137,644
138,5029
139,6929
140,2229
141,3243
142,4810
143,5977
144,250
145,3239
146,3656
147,5144
148,3536
149,3561
150,3
151,4254
152,472
153,2210
154,1350
155,3443
156,1143
157,2608
158,118
159,4305
160,597
161,6332
162,6518
163,4909
164,2300
165,4934
166,6138
167,4906
168,4151
169,686
170,1064
171,890
172,5227
173,6418
174,4951
175,1502
176,5367
177,6238
178,3011
179,4043
180,795
181,5358
182,256
183,5900
184,3675
185,4159
186,1042
187,3485
188,5187
189,1265
190,6651
191,3997
192,2999
193,5106
194,172
195,6021
196,4781
197,1873
198,3626
199,627
200,758
201,1006
202,2232
203,2473
204,4907
205,129
206,6501
207,2323
208,4851
209,6730
210,5968
211,327
212,5035
213,1117
214,5022
215,6672
216,2655
217,2907
218,6533
219,3063
220,5730
221,2692
222,6449
223,787
224,6807
225,3871
226,4873
227,5373
228,2414
229,5749
230,2061
231,4854
232,4463
233,1293
234,747
235,3902
236,4742
237,2419
238,6380
239,5293
240,1522
241,3973
242,6493
243,6557
244,4085
245,3523
246,1749
247,5473
248,5856
249,4233
250,6106
251,6437
252,5211
253,2204
254,3893
255,3107
256,6080
257,2299
258,4774
259,6644
260,4049
261,4242
262,5437
263,2961
264,3476
265,4379
266,2016
267,4483
268,3159
269,247
270,5608
271,6636
272,1021
273,776
274,2956
275,347
276,4472
277,5770
278,1920
279,6527
280,811
281,3619
282,6347
283,3894
284,1314
285,1714
286,1046
287,4224
288,1089
289,1955
290,5537
291,6488
292,2399
293,1460
294,970
295,5995
296,5408
297,5789
298,956
299,4787
300,5467
301,6992
302,4080
303,1663
304,1751
305,2468
306,963
307,3660
308,2587
309,5575
310,2546
311,6800
312,3210
313,1911
314,4791
315,6962
316,5016
317,601
318,3527
319,5522
320,4877
321,5254
322,2746
323,2261
324,1048
325,5978
326,6599
327,3655
328,2869
329,1383
330,5425
331,2258
332,1260
333,5806
334,3014
335,5444
336,4263
337,3424
338,1470
339,1080
340,4289
341,4611
342,1907
343,2321
344,3597
345,4629
346,3615
347,6334
348,4884
349,5433
350,191
351,865
352,6544
353,3551
354,752
355,4954
356,1602
357,6178
358,2046
359,897
360,5833
361,6832
362,1555
363,540
364,5999
365,1207
366,1745
367,3541
368,1065
369,6563
370,98
371,5611
372,417
373,6659
374,3766
375,2828
376,4585
377,6645
378,6037
379,2354
380,6541
381,127
382,2521
383,5945
384,3283
385,5538
386,3430
387,2373
388,5239
389,1245
390,4757
391,2779
392,1963
393,5459
394,1118
395,1586
396,6658
397,1800
398,5853
399,4735
400,2726
401,5364
402,4192
403,6880
404,6910
405,1484
406,6928
407,6475
408,2079
409,3720
410,6031
411,2047
412,3950
413,5582
414,3502
415,5150
416,6454
417,2241
418,572
419,4327
420,4526
421,4683
422,2163
423,2032
424,6983
425,3888
426,6469
427,3907
428,5861
429,5258
430,1312
431,3704
432,3760
433,3921
434,5329
435,4891
436,6987
437,518
438,3870
439,1899
440,2561
441,5803
442,5739
443,4600
444,6906
445,4264
446,197
447,6159
448,1988
449,1536
450,368
451,2224
452,2039
453,905
454,575
455,6665
456,3659
457,1367
458,2867
459,6415
460,1192
461,529
462,4961
463,58
464,4875
465,2644
466,4504
467,4037
468,3095
469,5792
470,1982
471,6806
472,3690
473,5997
474,1734
475,4119
476,1923
477,6702
478,4122
479,2767
480,1457
481,4678
482,1829
483,6758
484,6568
485,4613
486,4949
487,3492
488,2704
489,1916
490,2739
491,217
492,1393
493,5132
494,2765
495,1886
496,2646
497,5846
498,3929
499,111
500,2663
501,14
502,5133
503,2835
504,6362
505,3964
506,4015
507,4313
508,6890
509,5939
510,6267
511,4659
512,4310
513,3824
514,3161
515,5304
516,6539
517,3395
518,5754
519,4610
520,1897
521,5892
522,94
523,4927
524,3691
525,151
526,3308
527,5154
528,1381
529,1814
530,3254
531,3579
532,5314
533,1947
534,6130
535,4640
536,2411
537,6712
538,2479
539,4294
540,3573
541,2035
542,6514
543,6144
544,3164
545,3432
546,6298
547,1588
548,6485
549,4669
550,5225
551,570
552,5107
553,1669
554,864
555,5398
556,6467
557,4805
558,3084
559,3853
560,5045
561,3986
562,6741
563,6223
564,3786
565,4890
566,3620
567,6232
568,4604
569,2708
570,6224
571,128
572,6580
573,1002
574,504
575,3276
576,6358
577,1613
578,2200
579,337
580,6996
581,4280
582,699
583,5674
584,2960
585,5130
586,5441
587,5748
588,1122
589,4800
590,695
591,6918
592,2072
593,5512
594,1385
595,5321
596,59
597,6270
598,4724
599,341
600,6675
601,1686
602,5236
603,5128
604,2970
605,5879
606,957
607,6435
608,3433
609,1442
610,2115
611,3480
612,6497
613,1765
614,3550
615,1635
616,2754
617,2665
618,4590
619,4560
620,5462
621,13
622,333
623,1463
624,1757
625,916
626,1834
627,6394
628,2268
629,2651
630,6781
631,1477
632,2555
633,3369
634,6738
635,5485
636,6105
637,2542
638,6060
639,4923
640,4843
641,2453
642,5681
643,4894
644,4460
645,3513
646,3801
647,17
648,4162
649,1077
650,4565
651,4204
652,842
653,4279
654,4748
655,6938
656,5630
657,4486
658,796
659,858
660,4359
661,1263
662,1068
663,2969
664,2282
665,2636
666,1870
667,1489
668,2574
669,1893
670,1753
671,4124
672,5941
673,4081
674,4645
675,6899
676,4196
677,1097
678,2172
679,4677
680,2962
681,1282
682,3646
683,2194
684,1655
685,3167
686,2048
687,5354
688,6843
689,1914
690,1788
691,6182
692,4682
693,458
694,2682
695,5002
696,476
697,3833
698,1447
699,6386
700,2495
701,6994
702,1559
703,2183
704,4180
705,5740
706,4171
707,1937
708,3930
709,124
710,650
711,2882
712,6288
713,6468
714,4440
715,6219
716,6171
717,5429
718,6792
719,5919
720,2158
721,3196
722,6965
723,6131
724,840
725,3153
726,3301
727,3547
728,394
729,1139
730,1938
731,3447
732,4343
733,2990
734,5088
735,3448
736,2292
737,164
738,2864
739,4849
740,5233
741,41
742,5618
743,3434
744,3406
745,2125
746,6109
747,2815
748,1010
749,1091
750,4811
751,2426
752,3583
753,2279
754,892
755,3373
756,1396
757,1069
758,1862
759,4293
760,3855
761,4274
762,1310
763,5352
764,3694
765,4739
766,3230
767,4069
768,5514
769,1787
770,4759
771,2104
772,4802
773,6188
774,593
775,5113
776,4701
777,3374
778,1497
779,6185
780,5828
781,4330
782,1599
783,4475
784,5063
785,6100
786,906
787,5449
788,5819
789,2493
790,6127
791,4482
792,6198
793,4335
794,2196
795,2794
796,639
797,880
798,4188
799,2690
800,5086
801,4436
802,746
803,3625
804,6621
805,2045
806,2831
807,452
808,6142
809,5628
810,1114
811,2503
812,3439
813,2528
814,557
815,2498
816,2936
817,1106
818,6248
819,6691
820,3578
821,4053
822,2733
823,1070
824,3287
825,4807
826,3701
827,3818
828,6355
829,6964
830,493
831,972
832,3982
833,6728
834,4770
835,6990
836,5175
837,1743
838,3948
839,3111
840,2472
841,3413
842,2731
843,4846
844,4112
845,149
846,1176
847,5612
848,4098
849,888
850,561
851,5943
852,1231
853,6574
854,3128
855,5078
856,4508
857,1028
858,3281
859,5794
860,2240
861,2474
862,1769
863,4761
864,5677
865,5567
866,73
867,1678
868,4822
869,4376
870,1583
871,6382
872,6472
873,3303
874,6746
875,909
876,4369
877,3895
878,1983
879,5240
880,6326
881,3427
882,279
883,4828
884,685
885,4775
886,274
887,5532
888,237
889,2025
890,4047
891,6000
892,2211
893,232
894,3914
895,4779
896,1315
897,4835
898,459
899,2671
900,5498
901,5615
902,1880
903,1796
904,2843
905,4598
906,3350
907,4647
908,1246
909,2736
910,2191
911,4145
912,5033
913,5052
914,2740
915,329
916,5536
917,4424
918,3916
919,5404
920,5605
921,223
922,722
923,877
924,1138
925,4535
926,1395
927,2606
928,304
929,5951
930,6444
931,4926
932,822
933,2388
934,5430
935,5732
936,3495
937,1073
938,146
939,1239
940,1283
941,5790
942,6692
943,6848
944,1998
945,595
946,243
947,5423
948,5091
949,1520
950,2782
951,3435
952,733
953,428
954,4904
955,2445
956,6139
957,5551
958,5996
959,4538
960,6632
961,2336
962,2515
963,3302
964,4814
965,3836
966,2155
967,725
968,6436
969,5835
970,431
971,761
972,2095
973,3763
974,1257
975,1997
976,4994
977,1681
978,6463
979,862
980,5917
981,2905
982,1863
983,4050
984,6958
985,2372
986,1339
987,4438
988,6686
989,6903
990,5950
991,1740
992,3125
993,2052
994,3330
995,3171
996,1508
997,4251
998,4952
999,4137
1000,6704
1001,967
1002,4845
1003,3910
1004,1414
1005,4820
1006,2099
1007,5275
1008,3405
1009,1061
1010,80
1011,3722
1012,1607
1013,1194
1014,5460
1015,3270
1016,3781
1017,4812
1018,5170
1019,1585
1020,2808
1021,5860
1022,4815
1023,4783
1024,4101
1025,5055
1026,5116
1027,2424
1028,3588
1029,3614
1030,261
1031,6207
1032,209
1033,4449
1034,4608
1035,5372
1036,2109
1037,2302
1038,4428
1039,3253
1040,4879
1041,241
1042,2287
1043,5261
1044,3687
1045,3067
1046,6160
1047,3606
1048,4121
1049,5340
1050,4084
1051,3470
1052,2031
1053,6010
1054,2010
1055,5657
1056,952
1057,730
1058,3522
1059,4106
1060,1424
1061,6596
1062,2713
1063,3160
1064,5207
1065,813
1066,5083
1067,2017
1068,4431
1069,2529
1070,2111
1071,6919
1072,1924
1073,2718
1074,6404
1075,2974
1076,4268
1077,4653
1078,828
1079,2393
1080,662
1081,6212
1082,623
1083,2294
1084,516
1085,2526
1086,5020
1087,2678
1088,6591
1089,6395
1090,3607
1091,2781
1092,588
1093,439
1094,5124
1095,844
1096,5602
1097,2405
1098,5068
1099,1372
1100,6039
1101,1895
1102,2584
1103,5350
1104,6364
1105,4864
1106,1448
1107,1252
1108,5151
1109,2223
1110,4657
1111,3774
1112,2790
1113,5323
1114,6369
1115,1072
1116,5100
1117,5647
1118,4391
1119,5676
1120,437
1121,1576
1122,5927
1123,6654
1124,3168
1125,208
1126,2501
1127,1035
1128,6047
1129,3535
1130,3186
1131,599
1132,1124
1133,5643
1134,5934
1135,3584
1136,3661
1137,6092
1138,2829
1139,2981
1140,1581
1141,2820
1142,6653
1143,2262
1144,3497
1145,2283
1146,5940
1147,1526
1148,2923
1149,3054
1150,1259
1151,5283
1152,344
1153,3665
1154,1340
1155,1140
1156,227
1157,2192
1158,6129
1159,464
1160,3074
1161,29
1162,5285
1163,2988
1164,3291
1165,2335
1166,5320
1167,2324
1168,3508
1169,3892
1170,4173
1171,4017
1172,841
1173,6348
1174,1501
1175,697
1176,1915
1177,3562
1178,1052
1179,5952
1180,3858
1181,259
1182,3543
1183,4425
1184,6927
1185,6878
1186,4699
1187,3813
1188,1623
1189,6725
1190,353
1191,4607
1192,6828
1193,5007
1194,2657
1195,3149
1196,2952
1197,1786
1198,4363
1199,1474
1200,3473
1201,6627
1202,1889
1203,6846
1204,3165
1205,2122
1206,6430
1207,1667
1208,4329
1209,4210
1210,4394
1211,488
1212,2567
1213,859
1214,5074
1215,4844
1216,2123
1217,275
1218,1498
1219,6735
1220,365
1221,6628
1222,5970
1223,6118
1224,751
1225,2946
1226,2638
1227,3775
1228,3835
1229,6904
1230,6552
1231,2199
1232,689
1233,6274
1234,1399
1235,5315
1236,4754
1237,1534
1238,705
1239,1415
1240,284
1241,1345
1242,6891
1243,3850
1244,4237
1245,979
1246,1926
1247,222
1248,4687
1249,5440
1250,973
1251,6971
1252,710
1253,1005
1254,4824
1255,2004
1256,5829
1257,1298
1258,125
1259,6034
1260,4898
1261,670
1262,6884
1263,5032
1264,3903
1265,509
1266,2879
1267,1941
1268,3955
1269,6038
1270,1755
1271,5374
1272,3664
1273,1412
1274,3015
1275,3511
1276,2356
1277,5461
1278,1622
1279,6396
1280,932
1281,3120
1282,1921
1283,6046
1284,5316
1285,5037
1286,3877
1287,6543
1288,755
1289,3814
1290,384
1291,5489
1292,3192
1293,3197
1294,6803
1295,4042
1296,1092
1297,1860
1298,5786
1299,1945
1300,1804
1301,1487
1302,1101
1303,117
1304,5755
1305,878
1306,5890
1307,4349
1308,4566
1309,5478
1310,1226
1311,6991
1312,5301
1313,2112
1314,3487
1315,6237
1316,2273
1317,294
1318,2225
1319,6314
1320,3464
1321,5447
1322,4887
1323,6571
1324,189
1325,330
1326,5862
1327,4716
1328,6123
1329,2539
1330,1126
1331,6346
1332,791
1333,6399
1334,2080
1335,6170
1336,5050
1337,5008
1338,3641
1339,5743
1340,3489
1341,171
1342,4248
1343,273
1344,3419
1345,2180
1346,307
1347,2889
1348,5482
1349,4931
1350,3634
1351,2876
1352,5336
1353,5767
1354,1562
1355,6058
1356,254
1357,2590
1358,6717
1359,4895
1360,5961
1361,2286
1362,6261
1363,1479
1364,3452
1365,1007
1366,3114
1367,1191
1368,5646
1369,4743
1370,912
1371,2520
1372,1406
1373,3294
1374,5174
1375,5848
1376,2499
1377,181
1378,5053
1379,460
1380,4663
1381,4179
1382,6247
1383,5974
1384,715
1385,3477
1386,3657
1387,5503
1388,921
1389,5504
1390,3122
1391,3096
1392,1376
1393,5463
1394,3805
1395,1651
1396,1425
1397,2810
1398,2557
1399,6065
1400,5753
1401,6339
1402,5665
1403,2266
1404,4667
1405,2865
1406,5825
1407,3632
1408,5964
1409,750
1410,498
1411,6033
1412,2562
1413,4550
1414,199
1415,1650
1416,2888
1417,1552
1418,4666
1419,855
1420,6305
1421,6515
1422,3524
1423,6236
1424,6009
1425,3055
1426,2253
1427,3324
1428,656
1429,122
1430,2201
1431,4269
1432,4642
1433,3343
1434,2848
1435,2024
1436,487
1437,5597
1438,5271
1439,6830
1440,4905
1441,5868
1442,1957
1443,5838
1444,2029
1445,2028
1446,3629
1447,6872
1448,5933
1449,6678
1450,2249
1451,1718
1452,3791
1453,1322
1454,4959
1455,2698
1456,3521
1457,4255
1458,4107
1459,4259
1460,5918
1461,854
1462,1670
1463,2378
1464,343
1465,4503
1466,1944
1467,3589
1468,698
1469,1096
1470,5300
1471,5265
1472,1196
1473,4464
1474,6909
1475,4125
1476,2997
1477,2535
1478,6582
1479,4676
1480,4985
1481,3823
1482,827
1483,2171
1484,1280
1485,6944
1486,5325
1487,6855
1488,5570
1489,1382
1490,823
1491,4964
1492,3220
1493,5424
1494,6980
1495,1977
1496,2716
1497,6167
1498,596
1499,1596
1500,4987
1501,318
1502,1075
1503,6858
1504,4451
1505,3708
1506,3754
1507,1416
1508,4097
1509,5502
1510,2777
1511,4396
1512,726
1513,613
1514,6833
1515,2688
1516,5701
1517,6259
1518,4183
1519,4282
1520,1189
1521,1720
1522,3926
1523,5610
1524,2908
1525,2420
1526,5173
1527,1142
1528,615
1529,5629
1530,1856
1531,4115
1532,4892
1533,6502
1534,3633
1535,6676
1536,1032
1537,4302
1538,5661
1539,2519
1540,3789
1541,5157
1542,4492
1543,607
1544,1468
1545,850
1546,4634
1547,4957
1548,4322
1549,5212
1550,2369
1551,5335
1552,3927
1553,3155
1554,2068
1555,4194
1556,721
1557,738
1558,5009
1559,5801
1560,876
1561,3841
1562,1433
1563,6849
1564,1704
1565,6898
1566,6148
1567,5411
1568,5249
1569,2723
1570,2518
1571,3136
1572,2088
1573,5026
1574,3979
1575,5745
1576,3103
1577,480
1578,2951
1579,771
1580,4423
1581,3361
1582,2762
1583,4413
1584,6213
1585,3131
1586,4077
1587,4760
1588,4202
1589,1927
1590,701
1591,6619
1592,4456
1593,2892
1594,990
1595,1165
1596,4510
1597,3773
1598,2640
1599,6961
1600,5855
1601,6641
1602,5471
1603,2034
1604,502
1605,5687
1606,2525
1607,2523
1608,1736
1609,4404
1610,2475
1611,1277
1612,5808
1613,3920
1614,3560
1615,5027
1616,5876
1617,3071
1618,1208
1619,3519
1620,2734
1621,3036
1622,4399
1623,6174
1624,980
1625,5873
1626,262
1627,6050
1628,4856
1629,6721
1630,2983
1631,3295
1632,2823
1633,3051
1634,6073
1635,2751
1636,6
1637,1608
1638,2466
1639,6076
1640,1332
1641,3864
1642,6466
1643,4924
1644,6602
1645,1364
1646,147
1647,4102
1648,2511
1649,5635
1650,5531
1651,5928
1652,3152
1653,1975
1654,1511
1655,3402
1656,1388
1657,4309
1658,2134
1659,1390
1660,4763
1661,6465
1662,1200
1663,2912
1664,2132
1665,6768
1666,703
1667,5795
1668,4469
1669,2933
1670,3367
1671,4707
1672,2803
1673,4529
1674,1040
1675,2337
1676,4129
1677,469
1678,6585
1679,4211
1680,3923
1681,3668
1682,2278
1683,6083
1684,383
1685,4554
1686,6017
1687,4203
1688,6783
1689,4704
1690,5102
1691,2154
1692,1426
1693,6867
1694,1113
1695,3755
1696,6450
1697,5621
1698,4557
1699,5245
1700,5056
1701,6924
1702,2821
1703,4311
1704,1850
1705,3321
1706,6124
1707,4569
1708,377
1709,6040
1710,759
1711,3980
1712,2197
1713,6953
1714,6055
1715,173
1716,3799
1717,5636
1718,3968
1719,1688
1720,1849
1721,6071
1722,1271
1723,4893
1724,3218
1725,1220
1726,4368
1727,1715
1728,2862
1729,1153
1730,6249
1731,6573
1732,6192
1733,3898
1734,4646
1735,6710
1736,6342
1737,734
1738,6905
1739,2005
1740,6820
1741,1819
1742,4393
1743,2861
1744,5656
1745,1835
1746,2722
1747,2884
1748,1485
1749,1868
1750,2043
1751,5842
1752,4147
1753,2667
1754,802
1755,3038
1756,1981
1757,2531
1758,2978
1759,4184
1760,937
1761,4022
1762,1375
1763,6943
1764,1084
1765,1323
1766,6754
1767,6173
1768,2860
1769,4364
1770,1461
1771,798
1772,6646
1773,3378
1774,2165
1775,1780
1776,5047
1777,2476
1778,919
1779,4858
1780,2078
1781,3441
1782,1458
1783,1961
1784,3337
1785,5554
1786,6480
1787,1636
1788,1421
1789,3285
1790,936
1791,3325
1792,78
1793,4021
1794,6166
1795,1504
1796,1792
1797,4623
1798,2613
1799,1797
1800,5542
1801,4316
1802,3689
1803,6720
1804,5664
1805,728
1806,403
1807,2707
1808,3852
1809,5242
1810,2
1811,6640
1812,5625
1813,112
1814,6701
1815,3545
1816,819
1817,6067
1818,3635
1819,2093
1820,4205
1821,2805
1822,67
1823,545
1824,5119
1825,3960
1826,6696
1827,6862
1828,5247
1829,1121
1830,4290
1831,5678
1832,530
1833,2433
1834,4096
1835,1276
1836,3790
1837,2447
1838,5015
1839,2280
1840,3917
1841,3746
1842,2947
1843,4412
1844,1329
1845,1811
1846,4868
1847,1056
1848,631
1849,4662
1850,619
1851,4055
1852,1188
1853,3001
1854,6888
1855,594
1856,6056
1857,5947
1858,3503
1859,1466
1860,940
1861,1695
1862,556
1863,1033
1864,4238
1865,6023
1866,1994
1867,5558
1868,3127
1869,3368
1870,5110
1871,3142
1872,1251
1873,2404
1874,4784
1875,6344
1876,622
1877,5686
1878,5014
1879,1741
1880,5469
1881,4104
1882,5159
1883,6328
1884,3949
1885,1979
1886,551
1887,2202
1888,3061
1889,25
1890,4700
1891,3064
1892,4715
1893,1571
1894,2958
1895,4209
1896,1973
1897,2247
1898,1553
1899,6837
1900,2963
1901,6311
1902,4118
1903,694
1904,3094
1905,3108
1906,2443
1907,5222
1908,4943
1909,3259
1910,2309
1911,2251
1912,1631
1913,3314
1914,4468
1915,2957
1916,401
1917,2464
1918,4318
1919,2395
1920,4871
1921,442
1922,5205
1923,6086
1924,4915
1925,591
1926,3457
1927,1569
1928,2049
1929,2654
1930,1584
1931,2454
1932,40
1933,3211
1934,6520
1935,1204
1936,547
1937,4597
1938,5905
1939,4500
1940,635
1941,4532
1942,3683
1943,5534
1944,2701
1945,1959
1946,5001
1947,2797
1948,1577
1949,1105
1950,5262
1951,449
1952,473
1953,5627
1954,4509
1955,3200
1956,4400
1957,6549
1958,5120
1959,1690
1960,6072
1961,6716
1962,3100
1963,2925
1964,1761
1965,1137
1966,2504
1967,2062
1968,6829
1969,3884
1970,807
1971,5421
1972,5559
1973,4478
1974,248
1975,6482
1976,6431
1977,4116
1978,4859
1979,6401
1980,5182
1981,116
1982,3520
1983,6661
1984,4164
1985,2389
1986,2965
1987,895
1988,4847
1989,5472
1990,63
1991,2110
1992,4776
1993,3891
1994,2982
1995,3785
1996,2403
1997,2217
1998,4406
1999,506
2000,1003
2001,1469
2002,6939
2003,4912
2004,1261
2005,6064
2006,1604
2007,533
2008,4481
2009,4308
2010,419
2011,3587
2012,5470
2013,922
2014,5779
2015,372
2016,5457
2017,589
2018,3438
2019,5579
2020,5809
2021,3037
2022,3147
2023,2693
2024,953
2025,5716
2026,5223
2027,1803
2028,6008
2029,1085
2030,1510
2031,5775
2032,6491
2033,1594
2034,2185
2035,2186
2036,4675
2037,5080
2038,3554
2039,2386
2040,4323
2041,2932
2042,5781
2043,1952
2044,2114
2045,6069
2046,1115
2047,6831
2048,3043
2049,5533
2050,5980
2051,6218
2052,625
2053,326
2054,5388
2055,3700
2056,1789
2057,412
2058,1437
2059,6458
2060,1541
2061,5670
2062,5041
2063,3956
2064,1456
2065,4511
2066,2611
2067,5899
2068,4588
2069,4874
2070,4928
2071,2265
2072,3994
2073,1480
2074,614
2075,2885
2076,2813
2077,5099
2078,3077
2079,3219
2080,1086
2081,5946
2082,5831
2083,2430
2084,2421
2085,5507
2086,2637
2087,2778
2088,5290
2089,3662
2090,3440
2091,5586
2092,915
2093,2660
2094,354
2095,1900
2096,3012
2097,157
2098,4485
2099,2868
2100,6562
2101,4054
2102,6111
2103,4008
2104,683
2105,584
2106,732
2107,420
2108,2227
2109,5814
2110,3437
2111,6607
2112,6870
2113,6647
2114,2097
2115,757
2116,5500
2117,3382
2118,4447
2119,2412
2120,6840
2121,5406
2122,376
2123,4758
2124,3355
2125,314
2126,143
2127,4488
2128,4545
2129,829
2130,1496
2131,3863
2132,1878
2133,4239
2134,5264
2135,1620
2136,6441
2137,2340
2138,606
2139,3885
2140,3083
2141,4777
2142,342
2143,816
2144,1901
2145,5877
2146,6600
2147,2166
2148,3682
2149,881
2150,3739
2151,1047
2152,5270
2153,5653
2154,5688
2155,885
2156,3820
2157,942
2158,5403
2159,4351
2160,2295
2161,5082
2162,3840
2163,899
2164,258
2165,3214
2166,4799
2167,15
2168,6999
2169,6402
2170,6052
2171,5660
2172,500
2173,1874
2174,6345
2175,2448
2176,1268
2177,511
2178,5137
2179,3338
2180,718
2181,5079
2182,5105
2183,950
2184,5637
2185,4644
2186,6157
2187,2391
2188,2387
2189,4297
2190,1037
2191,3235
2192,5389
2193,4723
2194,114
2195,75
2196,554
2197,5204
2198,555
2199,6805
2200,3719
2201,5371
2202,3154
2203,3272
2204,2332
2205,3267
2206,2510
2207,4679
2208,1168
2209,5155
2210,6760
2211,2218
2212,1279
2213,2314
2214,6608
2215,1127
2216,6162
2217,2190
2218,4708
2219,1212
2220,5797
2221,527
2222,5772
2223,1725
2224,3113
2225,3808
2226,5593
2227,5048
2228,3233
2229,3557
2230,6753
2231,4057
2232,3525
2233,5297
2234,5044
2235,4830
2236,1087
2237,550
2238,4146
2239,3073
2240,1966
2241,3602
2242,5821
2243,1716
2244,4632
2245,3671
2246,3445
2247,6108
2248,213
2249,1219
2250,4006
2251,2418
2252,2996
2253,1307
2254,753
2255,2955
2256,3306
2257,4614
2258,5799
2259,5176
2260,632
2261,5199
2262,3651
2263,3542
2264,2179
2265,6044
2266,3086
2267,5556
2268,3068
2269,6091
2270,2675
2271,659
2272,6051
2273,837
2274,1853
2275,2629
2276,6595
2277,4542
2278,1624
2279,544
2280,2317
2281,1648
2282,6103
2283,2507
2284,6028
2285,4063
2286,1816
2287,6310
2288,1249
2289,3788
2290,4345
2291,4321
2292,6205
2293,6937
2294,5391
2295,777
2296,3658
2297,1304
2298,1727
2299,6755
2300,1223
2301,5703
2302,1380
2303,5992
2304,634
2305,1509
2306,1764
2307,5644
2308,1058
2309,6948
2310,974
2311,1287
2312,6594
2313,4027
2314,3052
2315,6422
2316,3669
2317,2330
2318,4727
2319,457
2320,1774
2321,680
2322,5436
2323,3409
2324,2483
2325,3035
2326,1082
2327,969
2328,673
2329,3913
2330,5663
2331,1100
2332,3546
2333,6471
2334,1713
2335,5796
2336,407
2337,6093
2338,6767
2339,1978
2340,3978
2341,2481
2342,2272
2343,1108
2344,5577
2345,298
2346,2271
2347,1401
2348,2169
2349,265
2350,5313
2351,1614
2352,3463
2353,1228
2354,3684
2355,6007
2356,4546
2357,6526
2358,212
2359,3410
2360,5178
2361,2609
2362,404
2363,2647
2364,4684
2365,6221
2366,3298
2367,1806
2368,6014
2369,6934
2370,379
2371,4673
2372,5616
2373,943
2374,1799
2375,4398
2376,6757
2377,1864
2378,2177
2379,2581
2380,5065
2381,2053
2382,3185
2383,4421
2384,4837
2385,184
2386,4713
2387,2437
2388,949
2389,3058
2390,745
2391,2366
2392,2846
2393,6529
2394,367
2395,2152
2396,3472
2397,4792
2398,2994
2399,3544
2400,6569
2401,3455
2402,6266
2403,2146
2404,4540
2405,123
2406,1346
2407,4768
2408,1986
2409,3236
2410,2786
2411,3516
2412,6967
2413,3007
2414,6873
2415,301
2416,1756
2417,3027
2418,2252
2419,5565
2420,515
2421,6214
2422,2161
2423,2131
2424,5638
2425,1446
2426,2641
2427,5295
2428,3076
2429,5017
2430,3911
2431,1160
2432,4940
2433,1274
2434,5642
2435,1567
2436,4581
2437,2469
2438,838
2439,961
2440,3905
2441,3000
2442,5609
2443,4452
2444,3417
2445,4839
2446,3412
2447,2465
2448,5003
2449,282
2450,3692
2451,2877
2452,720
2453,6620
2454,2355
2455,3528
2456,5541
2457,5231
2458,11
2459,3411
2460,4126
2461,4512
2462,238
2463,4888
2464,4745
2465,6161
2466,319
2467,4602
2468,1643
2469,994
2470,2305
2471,3191
2472,1151
2473,1836
2474,3115
2475,3010
2476,6794
2477,804
2478,4319
2479,3454
2480,5287
2481,153
2482,1199
2483,519
2484,6489
2485,861
2486,6235
2487,5161
2488,3510
2489,390
2490,1595
2491,1017
2492,6863
2493,6959
2494,6616
2495,4383
2496,4014
2497,1014
2498,5619
2499,2081
2500,2928
2501,5140
2502,2056
2503,5040
2504,3636
2505,6447
2506,1093
2507,28
2508,3059
2509,1296
2510,5269
2511,5805
2512,3822
2513,4206
2514,6597
2515,4896
2516,1958
2517,4270
2518,176
2519,5332
2520,2108
2521,3548
2522,6974
2523,1525
2524,4218
2525,5589
2526,5370
2527,4186
2528,6796
2529,1453
2530,4182
2531,336
2532,6914
2533,6680
2534,6446
2535,1707
2536,3922
2537,6784
2538,1059
2539,3912
2540,2297
2541,917
2542,4769
2543,1857
2544,6662
2545,5454
2546,4731
2547,651
2548,5891
2549,5385
2550,3475
2551,4208
2552,4889
2553,3787
2554,784
2555,3582
2556,6566
2557,4497
2558,244
2559,2959
2560,6022
2561,2189
2562,6102
2563,3549
2564,6531
2565,236
2566,2757
2567,620
2568,3231
2569,309
2570,2127
2571,297
2572,3307
2573,4099
2574,3934
2575,2705
2576,2021
2577,1935
2578,801
2579,1273
2580,1476
2581,402
2582,1995
2583,2380
2584,423
2585,3318
2586,4219
2587,3104
2588,5895
2589,3458
2590,5246
2591,4665
2592,27
2593,6689
2594,5546
2595,2365
2596,5417
2597,1370
2598,5250
2599,1258
2600,6942
2601,1186
2602,5747
2603,4567
2604,2602
2605,6115
2606,93
2607,1241
2608,6940
2609,451
2610,5465
2611,5925
2612,6360
2613,6682
2614,739
2615,4543
2616,139
2617,1254
2618,6769
2619,255
2620,6765
2621,2491
2622,4336
2623,3380
2624,2878
2625,2620
2626,2459
2627,522
2628,5585
2629,2107
2630,198
2631,2768
2632,4685
2633,4088
2634,163
2635,2092
2636,2550
2637,1962
2638,1481
2639,2267
2640,6012
2641,2559
2642,6370
2643,6122
2644,5600
2645,6203
2646,5310
2647,4370
2648,1095
2649,312
2650,2264
2651,986
2652,440
2653,66
2654,3264
2655,5191
2656,6251
2657,4722
2658,2752
2659,4285
2660,5481
2661,3918
2662,5669
2663,2916
2664,6576
2665,5505
2666,4420
2667,2434
2668,2931
2669,1392
2670,4903
2671,5836
2672,4062
2673,4686
2674,2496
2675,3080
2676,1495
2677,6718
2678,2070
2679,2674
2680,5330
2681,3717
2682,5601
2683,1777
2684,155
2685,3711
2686,3499
2687,4778
2688,971
2689,1574
2690,769
2691,1326
2692,5631
2693,5111
2694,4579
2695,3531
2696,3217
2697,5064
2698,4833
2699,3705
2700,1582
2701,2787
2702,2015
2703,5693
2704,2544
2705,4408
2706,505
2707,2293
2708,5926
2709,3248
2710,4612
2711,462
2712,4861
2713,4087
2714,413
2715,5780
2716,1062
2717,278
2718,5765
2719,3213
2720,3329
2721,4005
2722,2118
2723,1507
2724,3009
2725,5731
2726,4652
2727,1627
2728,6269
2729,3663
2730,2470
2731,4867
2732,6095
2733,5632
2734,2153
2735,398
2736,5377
2737,2338
2738,6398
2739,1078
2740,456
2741,5723
2742,1439
2743,590
2744,2082
2745,5690
2746,6664
2747,1987
2748,5529
2749,6392
2750,53
2751,1335
2752,6700
2753,234
2754,5728
2755,4945
2756,200
2757,1992
2758,2020
2759,305
2760,5883
2761,5322
2762,6278
2763,4635
2764,6683
2765,2942
2766,2071
2767,2712
2768,2505
2769,6835
2770,1610
2771,2331
2772,660
2773,2063
2774,5476
2775,665
2776,918
2777,1542
2778,3532
2779,1913
2780,1514
2781,4869
2782,3089
2783,6322
2784,4123
2785,2890
2786,1229
2787,4079
2788,3193
2789,2219
2790,6240
2791,3845
2792,3204
2793,4813
2794,5751
2795,2818
2796,6548
2797,4033
2798,1325
2799,364
2800,4998
2801,71
2802,2490
2803,3890
2804,3255
2805,3141
2806,2396
2807,6410
2808,4721
2809,2824
2810,2184
2811,5156
2812,2547
2813,5817
2814,1309
2815,6935
2816,3643
2817,5495
2818,3738
2819,4933
2820,2284
2821,6231
2822,3335
2823,2560
2824,3776
2825,3208
2826,6077
2827,3066
2828,137
2829,6088
2830,1560
2831,3092
2832,5369
2833,388
2834,3558
2835,2612
2836,3961
2837,789
2838,1706
2839,192
2840,2137
2841,5164
2842,1053
2843,2549
2844,4850
2845,1579
2846,1244
2847,4007
2848,2036
2849,6978
2850,898
2851,3677
2852,4772
2853,3319
2854,713
2855,5969
2856,2769
2857,2263
2858,2968
2859,3971
2860,2326
2861,386
2862,4972
2863,3730
2864,6378
2865,1598
2866,6490
2867,1965
2868,4009
2869,6913
2870,2334
2871,5126
2872,3408
2873,1066
2874,6094
2875,4649
2876,5059
2877,1791
2878,5811
2879,4236
2880,5935
2881,6283
2882,4387
2883,5506
2884,997
2885,2945
2886,6747
2887,4496
2888,4999
2889,773
2890,2866
2891,690
2892,2849
2893,1665
2894,4417
2895,3623
2896,6705
2897,3839
2898,1057
2899,2102
2900,2358
2901,5526
2902,3106
2903,4947
2904,3844
2905,2800
2906,5719
2907,1766
2908,6762
2909,69
2910,6384
2911,441
2912,3621
2913,5553
2914,3187
2915,2532
2916,203
2917,446
2918,992
2919,2720
2920,3807
2921,308
2922,196
2923,1956
2924,5190
2925,3045
2926,4257
2927,4953
2928,3173
2929,5399
2930,4083
2931,1898
2932,6428
2933,4474
2934,6545
2935,508
2936,283
2937,5580
2938,33
2939,2728
2940,4855
2941,1558
2942,2541
2943,1747
2944,1517
2945,902
2946,2566
2947,3498
2948,1331
2949,4806
2950,6814
2951,6824
2952,3732
2953,6172
2954,2509
2955,6972
2956,548
2957,3181
2958,2672
2959,2700
2960,5976
2961,5692
2962,4908
2963,4155
2964,416
2965,2348
2966,4365
2967,5452
2968,6586
2969,874
2970,3804
2971,6685
2972,3182
2973,6024
2974,8
2975,1286
2976,6960
2977,2578
2978,6877
2979,5827
2980,4628
2981,3133
2982,3461
2983,3803
2984,166
2985,2362
2986,6674
2987,6952
2988,1946
2989,6922
2990,5741
2991,920
2992,1182
2993,1837
2994,951
2995,5705
2996,1909
2997,159
2998,5259
2999,825
3000,1373
3001,3555
3002,5718
3003,1162
3004,4200
3005,1872
3006,6389
3007,5598
3008,5820
3009,3685
3010,1691
3011,729
3012,3479
3013,3901
3014,5479
3015,1166
3016,6413
3017,4390
3018,1203
3019,714
3020,2676
3021,4571
3022,3345
3023,2209
3024,3939
3025,3275
3026,38
3027,1290
3028,3674
3029,1556
3030,2274
3031,3129
3032,6291
3033,351
3034,3352
3035,4166
3036,1131
3037,3594
3038,2255
3039,6775
3040,3565
3041,6107
3042,6709
3043,6998
3044,2597
3045,1628
3046,2371
3047,6854
3048,2001
3049,5973
3050,642
3051,1444
3052,1993
3053,5993
3054,1818
3055,4253
3056,1871
3057,5584
3058,3474
3059,5216
3060,4901
3061,5114
3062,496
3063,2534
3064,2998
3065,479
3066,6309
3067,175
3068,6559
3069,470
3070,5963
3071,3639
3072,4114
3073,617
3074,6570
3075,5650
3076,5904
3077,573
3078,5274
3079,4834
3080,3642
3081,2060
3082,6626
3083,6116
3084,5282
3085,2836
3086,5936
3087,903
3088,4397
3089,6409
3090,2568
3091,563
3092,1467
3093,2012
3094,2901
3095,4671
3096,2019
3097,1405
3098,4521
3099,5521
3100,5396
3101,2659
3102,1848
3103,6693
3104,4023
3105,1074
3106,4627
3107,6280
3108,2847
3109,4737
3110,4401
3111,1710
3112,783
3113,849
3114,194
3115,6642
3116,4328
3117,1324
3118,4012
3119,1841
3120,1157
3121,4389
3122,736
3123,1054
3124,6264
3125,1767
3126,3047
3127,6643
3128,679
3129,1744
3130,1846
3131,220
3132,2569
3133,4356
3134,5955
3135,6317
3136,3389
3137,5866
3138,636
3139,1906
3140,2553
3141,6184
3142,6284
3143,136
3144,249
3145,2844
3146,3974
3147,3867
3148,6637
3149,358
3150,1730
3151,361
3152,6968
3153,1908
3154,1319
3155,106
3156,984
3157,246
3158,1099
3159,1377
3160,5971
3161,2397
3162,1154
3163,1337
3164,1352
3165,5626
3166,1580
3167,3241
3168,6684
3169,3244
3170,960
3171,414
3172,6252
3173,4089
3174,809
3175,5278
3176,6403
3177,1242
3178,4217
3179,546
3180,5309
3181,3364
3182,564
3183,3451
3184,4942
3185,1270
3186,4071
3187,6079
3188,1928
3189,3183
3190,6373
3191,6307
3192,927
3193,4583
3194,3087
3195,6230
3196,5709
3197,289
3198,35
3199,74
3200,6150
3201,1737
3202,6610
3203,1264
3204,3039
3205,964
3206,552
3207,668
3208,5337
3209,2543
3210,4382
3211,4372
3212,4718
3213,1529
3214,2133
3215,1344
3216,933
3217,6981
3218,5849
3219,2845
3220,2382
3221,4648
3222,461
3223,4140
3224,1132
3225,6673
3226,2775
3227,2837
3228,4067
3229,311
3230,3715
3231,51
3232,1410
3233,3400
3234,3388
3235,1119
3236,5717
3237,908
3238,3580
3239,1183
3240,646
3241,5405
3242,486
3243,231
3244,6649
3245,3386
3246,4506
3247,2623
3248,3609
3249,4533
3250,328
3251,5640
3252,6907
3253,2730
3254,2913
3255,1243
3256,303
3257,3286
3258,4120
3259,1088
3260,2512
3261,6535
3262,3749
3263,3003
3264,4002
3265,4616
3266,5998
3267,3365
3268,2750
3269,5725
3270,6189
3271,1079
3272,3117
3273,3770
3274,3313
3275,3802
3276,2979
3277,6425
3278,5888
3279,5516
3280,445
3281,1423
3282,2633
3283,3567
3284,168
3285,4473
3286,914
3287,1272
3288,3397
3289,5778
3290,6262
3291,2851
3292,4
3293,3053
3294,2175
3295,103
3296,1662
3297,5189
3298,5257
3299,2664
3300,4681
3301,2954
3302,6227
3303,6500
3304,2173
3305,5342
3306,5395
3307,3610
3308,565
3309,5162
3310,3679
3311,3846
3312,4531
3313,1639
3314,1637
3315,210
3316,585
3317,2993
3318,5103
3319,1696
3320,3832
3321,3143
3322,5324
3323,3132
3324,6866
3325,4275
3326,5824
3327,6926
3328,3826
3329,700
3330,3591
3331,5165
3332,6751
3333,1402
3334,2054
3335,3189
3336,3320
3337,179
3338,1641
3339,2018
3340,709
3341,1359
3342,2208
3343,2980
3344,5024
3345,3491
3346,2685
3347,1459
3348,1533
3349,5572
3350,3030
3351,4755
3352,884
3353,6669
3354,4134
3355,3782
3356,3989
3357,661
3358,812
3359,5453
3360,767
3361,1723
3362,3874
3363,1625
3364,5092
3365,6638
3366,1888
3367,292
3368,6452
3369,2873
3370,3764
3371,1000
3372,2181
3373,5563
3374,2417
3375,3209
3376,4020
3377,1785
3378,536
3379,1394
3380,5251
3381,1960
3382,6802
3383,3137
3384,4346
3385,6276
3386,6035
3387,5333
3388,1299
3389,229
3390,6042
3391,4711
3392,44
3393,4827
3394,5710
3395,6113
3396,5062
3397,3126
3398,1930
3399,1295
3400,6925
3401,3577
3402,1180
3403,6001
3404,3429
3405,6763
3406,2306
3407,5979
3408,3970
3409,4176
3410,6915
3411,5539
3412,2091
3413,2619
3414,3972
3415,1750
3416,4552
3417,4838
3418,648
3419,2486
3420,6005
3421,4038
3422,1671
3423,5510
3424,2702
3425,1877
3426,87
3427,6243
3428,3371
3429,6208
3430,422
3431,3697
3432,4925
3433,6743
3434,3576
3435,1630
3436,3622
3437,2423
3438,998
3439,3581
3440,6306
3441,6006
3442,3088
3443,6761
3444,2327
3445,3909
3446,1224
3447,6282
3448,130
3449,4819
3450,141
3451,5894
3452,2796
3453,5523
3454,6951
3455,2059
3456,239
3457,3081
3458,3759
3459,6823
3460,3091
3461,5210
3462,4766
3463,5668
3464,860
3465,4495
3466,6427
3467,4625
3468,3919
3469,4902
3470,2449
3471,882
3472,2871
3473,987
3474,6151
3475,1400
3476,5583
3477,1013
3478,3688
3479,1948
3480,856
3481,3816
3482,4698
3483,389
3484,5397
3485,2788
3486,3420
3487,4981
3488,719
3489,4300
3490,4362
3491,2000
3492,3425
3493,1440
3494,2083
3495,5675
3496,6462
3497,1822
3498,4283
3499,3798
3500,3745
3501,4605
3502,2827
3503,5837
3504,6412
3505,5985
3506,1317
3507,5030
3508,4524
3509,2076
3510,3712
3511,1386
3512,6813
3513,6112
3514,4797
3515,3118
3516,410
3517,630
3518,1436
3519,6842
3520,5680
3521,4489
3522,5756
3523,6405
3524,2971
3525,6477
3526,2073
3527,6293
3528,6853
3529,808
3530,3648
3531,3481
3532,6180
3533,2325
3534,1291
3535,6146
3536,2548
3537,2069
3538,3958
3539,1698
3540,3013
3541,1043
3542,5339
3543,4738
3544,2497
3545,3268
3546,1144
3547,2948
3548,3237
3549,2618
3550,6156
3551,5058
3552,1621
3553,6966
3554,2455
3555,4448
3556,4728
3557,2642
3558,2352
3559,4381
3560,6791
3561,553
3562,6320
3563,408
3564,6186
3565,380
3566,1063
3567,2920
3568,3928
3569,5131
3570,5344
3571,2238
3572,6737
3573,6082
3574,3269
3575,4937
3576,62
3577,5438
3578,293
3579,793
3580,6745
3581,1858
3582,5260
3583,4001
3584,1722
3585,6578
3586,6936
3587,2668
3588,4989
3589,1216
3590,4160
3591,3278
3592,1591
3593,4941
3594,190
3595,4222
3596,2850
3597,5954
3598,277
3599,4029
3600,4360
3601,4337
3602,2206
3603,4631
3604,3780
3605,2138
3606,6416
3607,5312
3608,1211
3609,1739
3610,6292
3611,2027
3612,2856
3613,5864
3614,2895
3615,1902
3616,1830
3617,4090
3618,3383
3619,805
3620,3311
3621,4620
3622,6525
3623,5266
3624,6070
3625,21
3626,6731
3627,4929
3628,6776
3629,1984
3630,6081
3631,3249
3632,6752
3633,4314
3634,1817
3635,2277
3636,779
3637,3744
3638,4216
3639,5294
3640,5691
3641,2033
3642,230
3643,5292
3644,4515
3645,1169
3646,1225
3647,5960
3648,3354
3649,543
3650,4095
3651,5434
3652,32
3653,6554
3654,5237
3655,6748
3656,30
3657,1336
3658,1267
3659,3783
3660,4932
3661,2649
3662,4366
3663,3123
3664,1682
3665,4221
3666,3811
3667,1187
3668,6984
3669,3289
3670,5327
3671,2643
3672,5000
3673,5349
3674,618
3675,5163
3676,6354
3677,6141
3678,204
3679,3146
3680,2681
3681,6388
3682,162
3683,3650
3684,6061
3685,2460
3686,1195
3687,675
3688,3817
3689,2926
3690,4801
3691,2140
3692,491
3693,6254
3694,1539
3695,6677
3696,3376
3697,5069
3698,3999
3699,4584
3700,321
3701,1603
3702,276
3703,3326
3704,2583
3705,4484
3706,5761
3707,3082
3708,4113
3709,3323
3710,5466
3711,3883
3712,2075
3713,2950
3714,5787
3715,4201
3716,4816
3717,359
3718,2930
3719,4225
3720,657
3721,5760
3722,5878
3723,1181
3724,101
3725,806
3726,1779
3727,1812
3728,2195
3729,6687
3730,6963
3731,549
3732,3735
3733,2697
3734,5737
3735,4324
3736,4247
3737,6137
3738,499
3739,2368
3740,1081
3741,3124
3742,2540
3743,1050
3744,800
3745,2256
3746,3384
3747,3860
3748,2729
3749,1629
3750,1112
3751,2040
3752,6063
3753,6429
3754,5093
3755,6506
3756,6777
3757,3747
3758,6154
3759,3526
3760,4990
3761,4522
3762,5520
3763,4514
3764,206
3765,3322
3766,6057
3767,2626
3768,830
3769,183
3770,558
3771,818
3772,2922
3773,5704
3774,5595
3775,165
3776,1538
3777,3940
3778,1161
3779,3931
3780,3572
3781,6977
3782,5920
3783,3258
3784,1733
3785,708
3786,948
3787,4562
3788,1454
3789,6537
3790,1887
3791,5694
3792,6457
3793,6011
3794,6098
3795,535
3796,6256
3797,3856
3798,158
3799,5166
3800,4000
3801,1044
3802,4913
3803,1387
3804,2669
3805,678
3806,2390
3807,839
3808,2911
3809,3967
3810,346
3811,4422
3812,1281
3813,135
3814,5432
3815,6361
3816,3163
3817,1844
3818,1159
3819,5409
3820,2953
3821,3166
3822,224
3823,4712
3824,4154
3825,1699
3826,5057
3827,4621
3828,1972
3829,1985
3830,6053
3831,4706
3832,5252
3833,3256
3834,6512
3835,1642
3836,121
3837,3784
3838,513
3839,2347
3840,1512
3841,999
3842,2462
3843,4865
3844,3022
3845,4750
3846,2592
3847,3257
3848,4914
3849,6175
3850,3031
3851,6923
3852,1590
3853,1875
3854,1292
3855,4980
3856,5493
3857,5084
3858,2910
3859,5874
3860,762
3861,1349
3862,4375
3863,6331
3864,938
3865,1209
3866,5793
3867,1638
3868,2652
3869,1347
3870,19
3871,42
3872,2193
3873,4039
3874,6220
3875,3263
3876,3969
3877,4241
3878,2351
3879,567
3880,3649
3881,83
3882,4410
3883,6356
3884,6226
3885,2670
3886,1719
3887,664
3888,6779
3889,5442
3890,6821
3891,5253
3892,3334
3893,1179
3894,1942
3895,1845
3896,2756
3897,2058
3898,4966
3899,5134
3900,6513
3901,3585
3902,387
3903,3707
3904,1967
3905,6313
3906,5104
3907,5200
3908,5115
3909,4288
3910,2812
3911,2308
3912,2149
3913,5987
3914,5229
3915,2350
3916,1129
3917,4459
3918,2899
3919,2902
3920,6516
3921,3493
3922,5958
3923,4668
3924,2872
3925,5499
3926,3965
3927,3462
3928,5764
3929,1302
3930,939
3931,6766
3932,6045
3933,4717
3934,1019
3935,5224
3936,6985
3937,2296
3938,6652
3939,6179
3940,1301
3941,1894
3942,580
3943,754
3944,1619
3945,1918
3946,523
3947,3556
3948,507
3949,6560
3950,3079
3951,1499
3952,6308
3953,1318
3954,2319
3955,3179
3956,2285
3957,2383
3958,2711
3959,1500
3960,6043
3961,4517
3962,5422
3963,1306
3964,2451
3965,1218
3966,4296
3967,6995
3968,3019
3969,6581
3970,4462
3971,5720
3972,4286
3973,490
3974,6199
3975,3041
3976,5865
3977,3768
3978,6350
3979,1813
3980,5138
3981,3959
3982,1513
3983,2634
3984,4773
3985,4818
3986,611
3987,2909
3988,5071
3989,5305
3990,109
3991,5578
3992,3795
3993,4177
3994,891
3995,954
3996,434
3997,3851
3998,1611
3999,4841
4000,667
4001,4680
4002,4886
4003,2126
4004,95
4005,735
4006,1240
4007,2607
4008,4414
4009,6749
4010,483
4011,6004
4012,5345
4013,4433
4014,418
4015,6613
4016,1991
4017,4030
4018,1969
4019,3140
4020,4974
4021,2003
4022,3637
4023,4587
4024,1827
4025,3207
4026,3821
4027,5513
4028,3006
4029,2301
4030,4418
4031,4831
4032,3162
4033,2057
4034,3530
4035,4780
4036,81
4037,4138
4038,1649
4039,1342
4040,2187
4041,2374
4042,5707
4043,3070
4044,1519
4045,2834
4046,637
4047,6690
4048,3946
4049,5910
4050,3740
4051,178
4052,2656
4053,2841
4054,5280
4055,5697
4056,5911
4057,2586
4058,857
4059,2234
4060,3176
4061,3246
4062,4013
4063,3262
4064,6740
4065,4429
4066,12
4067,494
4068,510
4069,1409
4070,3341
4071,6026
4072,1882
4073,6343
4074,1548
4075,2244
4076,6036
4077,287
4078,6521
4079,833
4080,3315
4081,6504
4082,1557
4083,616
4084,3260
4085,6508
4086,3496
4087,3537
4088,2625
4089,3151
4090,512
4091,3876
4092,6634
4093,760
4094,3985
4095,1210
4096,3534
4097,5924
4098,1587
4099,355
4100,4230
4101,655
4102,335
4103,6303
4104,6187
4105,2188
4106,6724
4107,18
4108,5922
4109,424
4110,3494
4111,4409
4112,1237
4113,291
4114,4633
4115,3859
4116,76
4117,4026
4118,4367
4119,2915
4120,6847
4121,5298
4122,4558
4123,4172
4124,4534
4125,2275
4126,5319
4127,1060
4128,5937
4129,1731
4130,4582
4131,6304
4132,2341
4133,2026
4134,6584
4135,1171
4136,2478
4137,3456
4138,5351
4139,134
4140,893
4141,962
4142,5143
4143,2554
4144,4143
4145,3539
4146,6149
4147,1929
4148,4018
4149,3242
4150,3574
4151,4601
4152,3423
4153,3062
4154,6125
4155,3004
4156,6510
4157,3426
4158,2761
4159,2242
4160,5215
4161,3144
4162,2798
4163,574
4164,1475
4165,4312
4166,2686
4167,2703
4168,4405
4169,2556
4170,5603
4171,4764
4172,875
4173,1147
4174,5518
4175,2147
4176,2721
4177,4213
4178,4656
4179,5202
4180,406
4181,2006
4182,3026
4183,3215
4184,2205
4185,1039
4186,5456
4187,4897
4188,654
4189,432
4190,2780
4191,6433
4192,2007
4193,5021
4194,4157
4195,5061
4196,717
4197,5590
4198,6049
4199,5712
4200,5884
4201,6733
4202,4490
4203,4793
4204,2170
4205,1206
4206,930
4207,3644
4208,1464
4209,4193
4210,2439
4211,2972
4212,6655
4213,4243
4214,5488
4215,5791
4216,1348
4217,3862
4218,5450
4219,5244
4220,1361
4221,3150
4222,4338
4223,4641
4224,6177
4225,2150
4226,6911
4227,2937
4228,4870
4229,5574
4230,4963
4231,3676
4232,640
4233,5095
4234,1549
4235,3827
4236,6294
4237,1413
4238,1708
4239,6408
4240,1471
4241,6349
4242,2571
4243,3600
4244,1523
4245,2524
4246,3048
4247,3024
4248,313
4249,2050
4250,6589
4251,520
4252,4227
4253,4315
4254,6583
4255,2239
4256,6841
4257,1883
4258,349
4259,3678
4260,6707
4261,889
4262,2610
4263,6896
4264,4920
4265,4491
4266,3571
4267,5766
4268,2438
4269,6492
4270,6834
4271,638
4272,2425
4273,3725
4274,1763
4275,6209
4276,737
4277,846
4278,1684
4279,4292
4280,5365
4281,6587
4282,5672
4283,2463
4284,4229
4285,1912
4286,4749
4287,2807
4288,5875
4289,788
4290,5620
4291,3453
4292,214
4293,6019
4294,6464
4295,5067
4296,2639
4297,6420
4298,2259
4299,495
4300,2270
4301,1020
4302,4446
4303,3002
4304,5139
4305,872
4306,2802
4307,6338
4308,3617
4309,6299
4310,5695
4311,1793
4312,381
4313,978
4314,1802
4315,6612
4316,4240
4317,6671
4318,6897
4319,5544
4320,1550
4321,786
4322,1865
4323,1570
4324,4265
4325,1919
4326,693
4327,887
4328,1333
4329,1683
4330,5966
4331,1810
4332,2742
4333,1689
4334,1004
4335,3362
4336,4883
4337,4790
4338,1852
4339,3771
4340,3861
4341,4059
4342,3653
4343,5887
4344,6864
4345,3401
4346,3566
4347,2401
4348,3731
4349,3975
4350,492
4351,3202
4352,5121
4353,6330
4354,3072
4355,1429
4356,996
4357,5852
4358,2413
4359,4025
4360,6932
4361,6786
4362,871
4363,4272
4364,5343
4365,1205
4366,832
4367,6455
4368,6993
4369,6534
4370,2144
4371,3696
4372,70
4373,4344
4374,1130
4375,4441
4376,4654
4377,6844
4378,4505
4379,1488
4380,3033
4381,2785
4382,3116
4383,1617
4384,5112
4385,6062
4386,140
4387,5219
4388,4016
4389,154
4390,2157
4391,4132
4392,6815
4393,4741
4394,4527
4395,4419
4396,4091
4397,2312
4398,2763
4399,4284
4400,3049
4401,5648
4402,2589
4403,559
4404,3772
4405,3849
4406,5818
4407,744
4408,4480
4409,39
4410,3252
4411,6133
4412,4234
4413,3842
4414,5758
4415,900
4416,4960
4417,2617
4418,1735
4419,4465
4420,6181
4421,1775
4422,6861
4423,4266
4424,3349
4425,1482
4426,1728
4427,2506
4428,2207
4429,1123
4430,1462
4431,743
4432,5893
4433,2167
4434,5777
4435,3998
4436,4426
4437,5986
4438,1876
4439,4024
4440,3139
4441,455
4442,6234
4443,5299
4444,2030
4445,5812
4446,1038
4447,5366
4448,1656
4449,883
4450,300
4451,5614
4452,5291
4453,1989
4454,4576
4455,6336
4456,4688
4457,1572
4458,216
4459,5375
4460,2615
4461,643
4462,3460
4463,3316
4464,5948
4465,5613
4466,4746
4467,3540
4468,1177
4469,6263
4470,1701
4471,4073
4472,4298
4473,5109
4474,5185
4475,6442
4476,5555
4477,3332
4478,682
4479,1269
4480,6553
4481,263
4482,3865
4483,1034
4484,5031
4485,148
4486,4695
4487,5783
4488,3792
4489,3936
4490,1528
4491,5286
4492,2067
4493,1589
4494,3769
4495,3097
4496,4133
4497,2269
4498,6572
4499,5490
4500,6228
4501,280
4502,3444
4503,2320
4504,465
4505,824
4506,1227
4507,4086
4508,2572
4509,3915
4510,5085
4511,3666
4512,5484
4513,290
4514,5256
4515,5060
4516,5599
4517,6498
4518,1798
4519,6101
4520,2113
4521,6324
4522,5994
4523,5525
4524,4437
4525,3148
4526,467
4527,2250
4528,2513
4529,5346
4530,6135
4531,1491
4532,5698
4533,5413
4534,5075
4535,2830
4536,2065
4537,5394
4538,785
4539,161
4540,3261
4541,3681
4542,3640
4543,131
4544,5281
4545,5857
4546,6225
4547,1262
4548,269
4549,4744
4550,5235
4551,3963
4552,676
4553,5858
4554,5135
4555,3102
4556,901
4557,3486
4558,6099
4559,5711
4560,5881
4561,5587
4562,447
4563,4697
4564,6391
4565,3962
4566,4795
4567,1843
4568,4725
4569,1593
4570,6969
4571,5965
4572,2735
4573,5206
4574,3670
4575,4809
4576,5990
4577,4880
4578,2576
4579,5201
4580,1025
4581,316
4582,6215
4583,911
4584,1890
4585,6759
4586,3449
4587,3034
4588,934
4589,3044
4590,4487
4591,5468
4592,4416
4593,696
4594,3428
4595,6117
4596,3199
4597,4287
4598,6376
4599,1626
4600,468
4601,1910
4602,5562
4603,6507
4604,3180
4605,6257
4606,6315
4607,3040
4608,5573
4609,68
4610,2245
4611,5188
4612,1820
4613,1703
4614,2632
4615,1666
4616,4736
4617,5696
4618,1677
4619,5023
4620,2074
4621,5410
4622,2530
4623,2066
4624,1839
4625,941
4626,848
4627,5972
4628,1783
4629,5832
4630,4262
4631,4853
4632,6883
4633,3046
4634,2784
4635,4709
4636,5863
4637,774
4638,1408
4639,5218
4640,6598
4641,2168
4642,5034
4643,4445
4644,946
4645,4523
4646,6774
4647,3695
4648,2398
4649,4111
4650,3652
4651,4729
4652,2594
4653,4519
4654,5393
4655,5248
4656,1600
4657,2573
4658,5356
4659,6321
4660,3830
4661,5142
4662,5930
4663,3529
4664,150
4665,4615
4666,4019
4667,235
4668,6540
4669,2906
4670,1563
4671,3812
4672,2627
4673,2162
4674,3224
4675,1884
4676,5932
4677,1369
4678,1999
4679,1606
4680,5208
4681,6119
4682,4968
4683,2148
4684,2212
4685,5564
4686,5368
4687,6439
4688,5509
4689,4178
4690,5689
4691,2833
4692,6851
4693,5307
4694,3101
4695,4916
4696,5238
4697,3750
4698,3945
4699,6487
4700,6536
4701,3753
4702,5527
4703,2814
4704,5916
4705,2991
4706,4651
4707,6387
4708,450
4709,6337
4710,1831
4711,4466
4712,2938
4713,2852
4714,5654
4715,1158
4716,5535
4717,1190
4718,375
4719,4996
4720,2563
4721,3878
4722,3869
4723,2064
4724,5168
4725,1483
4726,2482
4727,1807
4728,4477
4729,4674
4730,3025
4731,605
4732,645
4733,2650
4734,2817
4735,1597
4736,1253
4737,3724
4738,3718
4739,84
4740,4128
4741,3710
4742,240
4743,863
4744,1654
4745,6660
4746,2339
4747,4501
4748,4377
4749,2435
4750,4156
4751,2857
4752,4249
4753,6196
4754,532
4755,5633
4756,5886
4757,1773
4758,6158
4759,2737
4760,3250
4761,182
4762,1867
4763,2257
4764,10
4765,4885
4766,2477
4767,852
4768,2859
4769,2385
4770,6385
4771,3667
4772,322
4773,6400
4774,2986
4775,5491
4776,5561
4777,1768
4778,429
4779,3713
4780,742
4781,5834
4782,2662
4783,2874
4784,583
4785,5318
4786,2853
4787,4353
4788,1104
4789,6511
4790,5671
4791,1238
4792,6902
4793,6623
4794,4355
4795,4922
4796,6986
4797,3017
4798,2094
4799,120
4800,1015
4801,5221
4802,5938
4803,958
4804,4281
4805,4036
4806,6419
4807,1842
4808,50
4809,1566
4810,6871
4811,6066
4812,5830
4813,2696
4814,3996
4815,267
4816,1266
4817,1164
4818,225
4819,295
4820,5167
4821,6335
4822,1233
4823,4658
4824,5768
4825,4175
4826,2457
4827,2304
4828,5487
4829,3906
4830,201
4831,5545
4832,3205
4833,4842
4834,1321
4835,5880
4836,2917
4837,6611
4838,3221
4839,3358
4840,2653
4841,2492
4842,3538
4843,2725
4844,5699
4845,658
4846,2136
4847,1996
4848,2863
4849,1184
4850,2508
4851,3016
4852,4785
4853,2432
4854,6265
4855,772
4856,4788
4857,5571
4858,1016
4859,5486
4860,6302
4861,1790
4862,180
4863,2009
4864,5896
4865,5013
4866,6812
4867,3471
4868,5624
4869,3654
4870,5949
4871,411
4872,177
4873,6826
4874,3932
4875,621
4876,765
4877,6476
4878,5708
4879,3605
4880,6519
4881,3828
4882,1030
4883,815
4884,3748
4885,3357
4886,5550
4887,6190
4888,624
4889,4574
4890,1365
4891,4215
4892,3765
4893,521
4894,3703
4895,6445
4896,6372
4897,5076
4898,955
4899,5355
4900,3608
4901,4354
4902,1990
4903,4939
4904,3175
4905,592
4906,6289
4907,5279
4908,5673
4909,3422
4910,2408
4911,2361
4912,6432
4913,5049
4914,2601
4915,5334
4916,2086
4917,1215
4918,5734
4919,6168
4920,6451
4921,2683
4922,5483
4923,3603
4924,1155
4925,126
4926,466
4927,5682
4928,6143
4929,3158
4930,1391
4931,4765
4932,5841
4933,4541
4934,1419
4935,3134
4936,6631
4937,2880
4938,2900
4939,4130
4940,3018
4941,3336
4942,3288
4943,867
4944,382
4945,2760
4946,1653
4947,2687
4948,5198
4949,4965
4950,610
4951,3436
4952,443
4953,983
4954,581
4955,3553
4956,6954
4957,5012
4958,5744
4959,4876
4960,6860
4961,5381
4962,2635
4963,764
4964,6233
4965,4060
4966,2772
4967,5328
4968,2384
4969,4594
4970,2489
4971,6567
4972,4710
4973,4817
4974,4832
4975,4808
4976,4034
4977,3630
4978,1327
4979,763
4980,612
4981,4520
4982,1297
4983,6277
4984,4070
4985,4528
4986,331
4987,3057
4988,5147
4989,1308
4990,2357
4991,6756
4992,1854
4993,202
4994,2303
4995,5762
4996,4936
4997,2120
4998,1936
4999,4046
5000,4705
5001,1356
5002,1931
5003,1011
5004,6090
5005,1407
5006,5959
5007,2156
5008,4971
5009,2801
5010,5826
5011,6900
5012,1363
5013,2246
5014,2344
5015,5908
5016,2098
5017,4333
5018,2367
5019,5043
5020,1546
5021,5412
5022,5645
5023,5988
5024,534
5025,1953
5026,2231
5027,1351
5028,3370
5029,6473
5030,6438
5031,5810
5032,5420
5033,5685
5034,2887
5035,299
5036,2480
5037,3762
5038,1645
5039,6290
5040,5540
5041,371
5042,3394
5043,3356
5044,5028
5045,5596
5046,1071
5047,4948
5048,6723
5049,2130
5050,3238
5051,4214
5052,3596
5053,6379
5054,5348
5055,5641
5056,4556
5057,5431
5058,3886
5059,3351
5060,5607
5061,6456
5062,3442
5063,6020
5064,3733
5065,2442
5066,4950
5067,3348
5068,6711
5069,2008
5070,2450
5071,1828
5072,4977
5073,4185
5074,5885
5075,835
5076,2214
5077,4988
5078,3228
5079,3363
5080,2248
5081,5445
5082,6371
5083,1535
5084,6930
5085,706
5086,5193
5087,6764
5088,6881
5089,4946
5090,2415
5091,896
5092,339
5093,3794
5094,2747
5095,5519
5096,989
5097,4702
5098,3109
5099,4052
5100,4829
5101,3234
5102,4726
5103,991
5104,6771
5105,6782
5106,1133
5107,3564
5108,1455
5109,3279
5110,982
5111,2977
5112,6136
5113,4072
5114,663
5115,107
5116,4358
5117,6002
5118,3385
5119,929
5120,2595
5121,6975
5122,2673
5123,5581
5124,2022
5125,4973
5126,4144
5127,669
5128,2428
5129,4386
5130,6988
5131,4051
5132,609
5133,2260
5134,6325
5135,3881
5136,5326
5137,3135
5138,5203
5139,5722
5140,4840
5141,3829
5142,3924
5143,1711
5144,3184
5145,4258
5146,1313
5147,1824
5148,6478
5149,3280
5150,1506
5151,4593
5152,31
5153,485
5154,6663
5155,947
5156,6085
5157,5268
5158,497
5159,1384
5160,6375
5161,207
5162,22
5163,3611
5164,185
5165,4131
5166,6505
5167,4326
5168,6836
5169,5005
5170,5662
5171,2624
5172,36
5173,4339
5174,4935
5175,1951
5176,2121
5177,3366
5178,3075
5179,5923
5180,4958
5181,6397
5182,2984
5183,5077
5184,4187
5185,6555
5186,435
5187,144
5188,5989
5189,430
5190,604
5191,5622
5192,4303
5193,6727
5194,6799
5195,6351
5196,6703
5197,6104
5198,2422
5199,6650
5200,5591
5201,4995
5202,5006
5203,5634
5204,4900
5205,1503
5206,6368
5207,4152
5208,6793
5209,391
5210,4956
5211,6845
5212,2580
5213,4453
5214,2840
5215,5179
5216,2680
5217,6921
5218,2359
5219,6523
5220,1029
5221,3981
5222,4617
5223,91
5224,3340
5225,2174
5226,6341
5227,1202
5228,3266
5229,4825
5230,5901
5231,6486
5232,560
5233,6546
5234,363
5235,6838
5236,2748
5237,1285
5238,1832
5239,6366
5240,6229
5241,2381
5242,945
5243,5617
5244,672
5245,2585
5246,4267
5247,6153
5248,1795
5249,3346
5250,4568
5251,2145
5252,1083
5253,6719
5254,1452
5255,5195
5256,4135
5257,1821
5258,2949
5259,5508
5260,3500
5261,4690
5262,4415
5263,2322
5264,2545
5265,1950
5266,2289
5267,4866
5268,5942
5269,5169
5270,3069
5271,910
5272,1178
5273,5957
5274,684
5275,2360
5276,2128
5277,6074
5278,264
5279,4392
5280,6780
5281,3005
5282,1051
5283,2013
5284,152
5285,257
5286,4430
5287,5217
5288,1049
5289,2517
5290,780
5291,2591
5292,4348
5293,5944
5294,3797
5295,6856
5296,4450
5297,5042
5298,5141
5299,96
5300,4944
5301,3418
5302,3292
5303,3085
5304,370
5305,2919
5306,4547
5307,4661
5308,1389
5309,4357
5310,3592
5311,3110
5312,603
5313,3686
5314,3873
5315,474
5316,1505
5317,4586
5318,4969
5319,4385
5320,3507
5321,4189
5322,1492
5323,6459
5324,1664
5325,49
5326,4821
5327,5588
5328,2755
5329,6931
5330,4606
5331,5148
5332,1515
5333,4997
5334,5492
5335,4518
5336,4986
5337,133
5338,5387
5339,338
5340,2679
5341,5867
5342,2236
5343,4548
5344,2605
5345,2342
5346,3983
5347,1974
5348,4693
5349,5854
5350,3296
5351,45
5352,1675
5353,814
5354,4638
5355,52
5356,5528
5357,4246
5358,471
5359,105
5360,4789
5361,3706
5362,2811
5363,6916
5364,2616
5365,5475
5366,4261
5367,3331
5368,6417
5369,3212
5370,393
5371,4395
5372,2484
5373,6246
5374,4672
5375,5196
5376,1970
5377,5331
5378,1573
5379,5913
5380,1193
5381,1866
5382,4161
5383,6319
5384,1311
5385,3618
5386,4762
5387,477
5388,868
5389,5127
5390,541
5391,712
5392,2471
5393,571
5394,702
5395,2604
5396,3501
5397,3834
5398,1141
5399,1524
5400,3353
5401,1368
5402,4563
5403,1721
5404,4407
5405,5683
5406,1438
5407,2699
5408,4752
5409,5209
5410,4639
5411,1954
5412,1729
5413,6729
5414,6876
5415,6495
5416,3935
5417,3517
5418,2452
5419,2987
5420,4910
5421,4435
5422,6949
5423,3273
5424,3857
5425,5220
5426,5776
5427,3372
5428,6819
5429,5267
5430,3569
5431,1145
5432,5317
5433,5560
5434,1434
5435,2410
5436,6359
5437,4734
5438,1869
5439,6827
5440,5746
5441,879
5442,1685
5443,677
5444,834
5445,5907
5446,2011
5447,1284
5448,6377
5449,6946
5450,5306
5451,2522
5452,3404
5453,4220
5454,6097
5455,5931
5456,6443
5457,2825
5458,332
5459,3995
5460,3954
5461,1771
5462,4975
5463,132
5464,156
5465,4260
5466,6365
5467,4276
5468,1564
5469,4803
5470,315
5471,1805
5472,4881
5473,3232
5474,1435
5475,3889
5476,7
5477,2328
5478,2582
5479,3778
5480,6979
5481,6822
5482,3403
5483,3290
5484,4439
5485,4917
5486,345
5487,724
5488,4559
5489,4378
5490,4341
5491,392
5492,47
5493,5742
5494,935
5495,3121
5496,3505
5497,6950
5498,6268
5499,463
5500,1781
5501,5289
5502,399
5503,2044
5504,2552
5505,6889
5506,2795
5507,1343
5508,5384
5509,3174
5510,6798
5511,5380
5512,1288
5513,4010
5514,5081
5515,4911
5516,1516
5517,2966
5518,3796
5519,54
5520,2485
5521,1609
5522,5984
5523,426
5524,6121
5525,2160
5526,3727
5527,4622
5528,3721
5529,6790
5530,6810
5531,2816
5532,2886
5533,4689
5534,778
5535,1760
5536,5724
5537,3396
5538,3297
5539,6603
5540,2622
5541,1031
5542,1543
5543,3020
5544,5983
5545,2409
5546,3947
5547,3328
5548,1732
5549,5414
5550,6132
5551,6423
5552,6892
5553,1045
5554,3169
5555,2488
5556,5341
5557,357
5558,3987
5559,5889
5560,6875
5561,2992
5562,1213
5563,4092
5564,4103
5565,944
5566,4751
5567,4048
5568,1024
5569,3446
5570,2898
5571,4291
5572,1904
5573,6857
5574,5474
5575,2854
5576,1531
5577,870
5578,6197
5579,1330
5580,4476
5581,6164
5582,6340
5583,2964
5584,1658
5585,6750
5586,4753
5587,1125
5588,2353
5589,3831
5590,4108
5591,433
5592,6183
5593,2598
5594,6245
5595,4074
5596,5658
5597,3604
5598,2494
5599,242
5600,6318
5601,378
5602,6407
5603,4094
5604,4691
5605,5576
5606,5882
5607,2579
5608,3702
5609,869
5610,4273
5611,5197
5612,2379
5613,4136
5614,6722
5615,2228
5616,6096
5617,6561
5618,704
5619,5906
5620,5715
5621,5302
5622,3729
5623,6027
5624,794
5625,6316
5626,766
5627,1537
5628,2904
5629,100
5630,749
5631,5263
5632,2536
5633,1612
5634,5902
5635,56
5636,3723
5637,4539
5638,2896
5639,641
5640,4244
5641,3484
5642,5953
5643,5180
5644,4636
5645,6865
5646,6352
5647,3779
5648,3112
5649,251
5650,3188
5651,2139
5652,6887
5653,4352
5654,5419
5655,5784
5656,6575
5657,2715
5658,438
5659,2119
5660,5759
5661,866
5662,2614
5663,4730
5664,993
5665,4444
5666,5547
5667,965
5668,1441
5669,6483
5670,3282
5671,5850
5672,5921
5673,1545
5674,4609
5675,2230
5676,5038
5677,3265
5678,409
5679,4110
5680,6393
5681,6770
5682,4471
5683,454
5684,3514
5685,3925
5686,3483
5687,1934
5688,3742
5689,5823
5690,6275
5691,6564
5692,3570
5693,3344
5694,2514
5695,3887
5696,72
5697,2941
5698,3390
5699,6367
5700,1374
5701,576
5702,716
5703,1968
5704,2789
5705,92
5706,2577
5707,4295
5708,3467
5709,6565
5710,195
5711,3879
5712,3177
5713,6816
5714,252
5715,2096
5716,4670
5717,1378
5718,2596
5719,1917
5720,6606
5721,6357
5722,1772
5723,5501
5724,6295
5725,324
5726,671
5727,4694
5728,3515
5729,797
5730,1398
5731,4618
5732,219
5733,1672
5734,873
5735,6825
5736,6695
5737,6882
5738,4320
5739,1175
5740,985
5741,5592
5742,1379
5743,1473
5744,3595
5745,6772
5746,6879
5747,3377
5748,3450
5749,1411
5750,43
5751,4442
5752,2370
5753,4836
5754,6744
5755,3178
5756,5094
5757,2394
5758,2793
5759,6547
5760,4549
5761,731
5762,2875
5763,6773
5764,1150
5765,4078
5766,6778
5767,3933
5768,1148
5769,119
5770,1366
5771,924
5772,2967
5773,5738
5774,4371
5775,3638
5776,4117
5777,2630
5778,1009
5779,3021
5780,2254
5781,988
5782,6933
5783,4340
5784,4767
5785,2799
5786,5383
5787,5773
5788,5392
5789,4599
5790,5108
5791,4195
5792,2407
5793,6120
5794,1925
5795,782
5796,4040
5797,6327
5798,6982
5799,348
5800,1646
5801,6390
5802,2440
5803,64
5804,3751
5805,598
5806,3843
5807,2666
5808,5975
5809,4513
5810,6609
5811,2603
5812,5025
5813,5284
5814,1012
5815,3490
5816,2226
5817,3317
5818,4334
5819,6789
5820,2719
5821,6679
5822,6726
5823,5847
5824,4066
5825,2758
5826,6202
5827,3465
5828,6976
5829,3904
5830,1201
5831,5464
5832,6656
5833,959
5834,578
5835,6089
5836,6592
5837,6885
5838,85
5839,3951
5840,3194
5841,6604
5842,4595
5843,356
5844,2461
5845,1680
5846,3509
5847,1173
5848,537
5849,444
5850,6657
5851,90
5852,6333
5853,1661
5854,1784
5855,1494
5856,3247
5857,2724
5858,6013
5859,2116
5860,5991
5861,2002
5862,2037
5863,5524
5864,6742
5865,186
5866,1303
5867,2458
5868,925
5869,3240
5870,6155
5871,1527
5872,6688
5873,3761
5874,1338
5875,6577
5876,6287
5877,1881
5878,1417
5879,6795
5880,2533
5881,3647
5882,1360
5883,4190
5884,3387
5885,2215
5886,1486
5887,3533
5888,6697
5889,2436
5890,4191
5891,1094
5892,1933
5893,6714
5894,6110
5895,4231
5896,836
5897,3942
5898,1250
5899,6381
5900,1826
5901,6648
5902,6912
5903,2727
5904,5192
5905,691
5906,3399
5907,629
5908,4347
5909,6630
5910,5750
5911,3559
5912,4361
5913,3098
5914,6041
5915,1976
5916,2042
5917,3709
5918,3090
5919,995
5920,3586
5921,1838
5922,4991
5923,3130
5924,3809
5925,5051
5926,5446
5927,2588
5928,5915
5929,2684
5930,1255
5931,3590
5932,2759
5933,3172
5934,2089
5935,5798
5936,3375
5937,4970
5938,6296
5939,5277
5940,16
5941,3042
5942,60
5943,5557
5944,1547
5945,538
5946,5785
5947,1971
5948,6917
5949,2689
5950,1036
5951,61
5952,4169
5953,1825
5954,6200
5955,1341
5956,296
5957,6538
5958,3506
5959,3482
5960,5903
5961,1778
5962,5019
5963,2764
5964,3105
5965,425
5966,288
5967,6699
5968,5357
5969,320
5970,5125
5971,3201
5972,3459
5973,525
5974,5386
5975,6479
5976,1149
5977,2819
5978,482
5979,3575
5980,3293
5981,6003
5982,6114
5983,448
5984,4299
5985,5214
5986,501
5987,2345
5988,4578
5989,5763
5990,3050
5991,5659
5992,4011
5993,65
5994,4626
5995,2575
5996,3488
5997,2706
5998,3758
5999,2318
6000,6461
6001,3714
6002,5362
6003,2198
6004,340
6005,5186
6006,4198
6007,1198
6008,5183
6009,4786
6010,6739
6011,2709
6012,5073
6013,6145
6014,2774
6015,3093
6016,1518
6017,4461
6018,4457
6019,4149
6020,3300
6021,4703
6022,3612
6023,1694
6024,3138
6025,633
6026,4105
6027,517
6028,6629
6029,741
6030,5172
6031,285
6032,6286
6033,6997
6034,894
6035,1601
6036,5046
6037,23
6038,975
6039,6241
6040,2159
6041,886
6042,6947
6043,6787
6044,26
6045,2842
6046,268
6047,6426
6048,1521
6049,1120
6050,2694
6051,215
6052,1668
6053,3227
6054,489
6055,3206
6056,2939
6057,352
6058,3880
6059,6216
6060,3737
6061,3900
6062,4899
6063,5757
6064,5804
6065,2237
6066,6895
6067,3398
6068,2427
6069,6434
6070,4082
6071,2316
6072,1748
6073,5101
6074,4306
6075,5840
6076,286
6077,5415
6078,4403
6079,1674
6080,5160
6081,5039
6082,1465
6083,1939
6084,5956
6085,4167
6086,2985
6087,740
6088,3977
6089,6956
6090,6532
6091,6804
6092,4402
6093,1256
6094,1808
6095,6406
6096,2783
6097,851
6098,2809
6099,1697
6100,1067
6101,5234
6102,6201
6103,6788
6104,138
6105,1450
6106,5839
6107,5448
6108,5427
6109,1762
6110,3631
6111,688
6112,2446
6113,211
6114,1128
6115,6817
6116,1
6117,397
6118,6556
6119,3757
6120,4226
6121,6617
6122,3848
6123,5843
6124,77
6125,3552
6126,3060
6127,5117
6128,2164
6129,6801
6130,2290
6131,5
6132,3512
6133,400
6134,2741
6135,4619
6136,160
6137,2691
6138,1949
6139,3806
6140,4976
6141,4256
6142,104
6143,6839
6144,1107
6145,6601
6146,2151
6147,586
6148,3195
6149,843
6150,79
6151,4245
6152,1847
6153,5800
6154,5623
6155,1892
6156,310
6157,2749
6158,5184
6159,3810
6160,847
6161,2077
6162,4826
6163,4065
6164,5816
6165,2441
6166,2288
6167,5769
6168,3421
6169,6084
6170,5729
6171,4719
6172,1430
6173,6713
6174,6134
6175,907
6176,6301
6177,1673
6178,1478
6179,3339
6180,6558
6181,2101
6182,2944
6183,484
6184,4350
6185,4732
6186,1752
6187,5255
6188,4591
6189,6448
6190,4544
6191,968
6192,845
6193,4467
6194,4967
6195,5090
6196,6222
6197,6211
6198,5566
6199,6670
6200,3993
6201,2176
6202,2744
6203,792
6204,727
6205,4317
6206,5011
6207,928
6208,6152
6209,6509
6210,1167
6211,2014
6212,1705
6213,4153
6214,4872
6215,2084
6216,5435
6217,3393
6218,6920
6219,2349
6220,5652
6221,1275
6222,4862
6223,3825
6224,2106
6225,4992
6226,1055
6227,5311
6228,1794
6229,260
6230,4068
6231,4863
6232,2235
6233,1724
6234,4307
6235,5802
6236,5494
6237,6524
6238,3991
6239,3414
6240,366
6241,3568
6242,1879
6243,4141
6244,6588
6245,3693
6246,653
6247,3897
6248,799
6249,5815
6250,5303
6251,4032
6252,5497
6253,57
6254,3226
6255,2677
6256,5651
6257,6253
6258,3468
6259,3504
6260,3866
6261,5679
6262,1001
6263,4199
6264,5813
6265,453
6266,4692
6267,2311
6268,396
6269,5666
6270,6018
6271,221
6272,6635
6273,6163
6274,4771
6275,5360
6276,1758
6277,3381
6278,1018
6279,3815
6280,6973
6281,6868
6282,37
6283,2346
6284,5361
6285,6087
6286,5451
6287,110
6288,1676
6289,3672
6290,4882
6291,582
6292,6706
6293,9
6294,6260
6295,6323
6296,2400
6297,3478
6298,6194
6299,3990
6300,3699
6301,1235
6302,1530
6303,5230
6304,170
6305,6285
6306,4100
6307,3347
6308,1146
6309,4573
6310,2310
6311,1371
6312,5018
6313,4163
6314,5721
6315,2773
6316,5736
6317,4650
6318,2929
6319,5511
6320,1418
6321,4714
6322,4823
6323,4250
6324,2897
6325,6732
6326,1905
6327,6894
6328,692
6329,4076
6330,4380
6331,5496
6332,3752
6333,913
6334,6075
6335,4455
6336,6666
6337,1328
6338,4516
6339,3896
6340,4572
6341,2377
6342,5706
6343,4747
6344,1163
6345,89
6346,831
6347,5129
6348,2281
6349,3023
6350,1644
6351,5098
6352,1633
6353,1305
6354,3229
6355,781
6356,3966
6357,4536
6358,1660
6359,2105
6360,2298
6361,6474
6362,4978
6363,5426
6364,2041
6365,3312
6366,3953
6367,3392
6368,6460
6369,2103
6370,528
6371,1354
6372,6140
6373,5455
6374,6579
6375,1174
6376,167
6377,6908
6378,266
6379,323
6380,4798
6381,145
6382,6494
6383,4411
6384,4507
6385,1098
6386,7000
6387,1334
6388,817
6389,4127
6390,1709
6391,6217
6392,1634
6393,2564
6394,1964
6395,5568
6396,2487
6397,4056
6398,2940
6399,2222
6400,1815
6401,4434
6402,3599
6403,302
6404,5639
6405,6271
6406,6797
6407,1116
6408,6016
6409,3736
6410,770
6411,3728
6412,2213
6413,3277
6414,3415
6415,524
6416,6957
6417,6496
6418,1851
6419,2333
6420,4058
6421,6176
6422,6886
6423,2995
6424,931
6425,6165
6426,46
6427,1544
6428,5072
6429,6015
6430,2710
6431,649
6432,3875
6433,5194
6434,568
6435,6694
6436,1896
6437,3613
6438,2771
6439,977
6440,1247
6441,2363
6442,5416
6443,3726
6444,4794
6445,6614
6446,2918
6447,2220
6448,1443
6449,5213
6450,6989
6451,4756
6452,4331
6453,4374
6454,4004
6455,5967
6456,5226
6457,5004
6458,5549
6459,5774
6460,4580
6461,4983
6462,1615
6463,2178
6464,5443
6465,904
6466,5929
6467,3145
6468,5807
6469,6970
6470,1422
6471,5870
6472,3284
6473,4045
6474,4502
6475,6272
6476,3190
6477,5232
6478,5418
6479,3216
6480,6734
6481,3225
6482,3099
6483,2883
6484,687
6485,4979
6486,4561
6487,1903
6488,5428
6489,5439
6490,3908
6491,3008
6492,3872
6493,6329
6494,5458
6495,1980
6496,3309
6497,1109
6498,6530
6499,4479
6500,4592
6501,821
6502,6715
6503,569
6504,6618
6505,1565
6506,5897
6507,4150
6508,1801
6509,5401
6510,6605
6511,3299
6512,2903
6513,6668
6514,233
6515,6279
6516,1540
6517,6210
6518,4984
6519,3937
6520,4570
6521,3598
6522,5548
6523,6126
6524,1403
6525,334
6526,6542
6527,4427
6528,2243
6529,5909
6530,1759
6531,6615
6532,1427
6533,666
6534,1152
6535,6470
6536,1746
6537,1940
6538,4796
6539,2927
6540,2593
6541,3431
6542,6901
6543,1221
6544,4782
6545,2233
6546,4643
6547,1320
6548,1445
6549,4655
6550,4962
6551,6048
6552,5726
6553,6250
6554,306
6555,3767
6556,350
6557,1726
6558,2881
6559,4733
6560,6383
6561,6550
6562,3628
6563,2989
6564,5869
6565,2087
6566,5066
6567,626
6568,5667
6569,1692
6570,5733
6571,5390
6572,1289
6573,218
6574,6639
6575,1640
6576,2051
6577,3854
6578,3847
6579,4301
6580,5714
6581,20
6582,5181
6583,579
6584,5859
6585,2975
6586,6300
6587,5149
6588,1357
6589,1170
6590,1103
6591,5480
6592,2538
6593,5727
6594,113
6595,5788
6596,3868
6597,405
6598,1156
6599,99
6600,115
6601,2143
6602,1932
6603,5379
6604,6808
6605,1700
6606,2973
6607,820
6608,6244
6609,5543
6610,6054
6611,6030
6612,2135
6613,652
6614,2839
6615,6255
6616,5898
6617,4035
6618,539
6619,5171
6620,2364
6621,2804
6622,1687
6623,4041
6624,6258
6625,2527
6626,2792
6627,6025
6628,2537
6629,4720
6630,6593
6631,6869
6632,6681
6633,707
6634,1217
6635,55
6636,803
6637,5096
6638,5241
6639,3518
6640,5363
6641,5122
6642,5649
6643,6353
6644,1605
6645,810
6646,1362
6647,5517
6648,4919
6649,2392
6650,5845
6651,6484
6652,4589
6653,503
6654,1234
6655,1236
6656,3793
6657,478
6658,1353
6659,562
6660,5145
6661,3078
6662,2976
6663,6811
6664,4530
6665,3327
6666,3627
6667,2921
6668,5702
6669,1027
6670,1111
6671,5158
6672,5376
6673,4148
6674,5378
6675,5851
6676,82
6677,6785
6678,5308
6679,5276
6680,281
6681,1090
6682,2038
6683,3032
6684,4630
6685,4432
6686,2402
6687,369
6688,272
6689,1232
6690,6414
6691,4061
6692,4660
6693,481
6694,2806
6695,2631
6696,2855
6697,4537
6698,2291
6699,4596
6700,3938
6701,1742
6702,3957
6703,748
6704,6363
6705,4498
6706,2858
6707,4075
6708,5353
6709,3984
6710,3310
6711,4278
6712,3563
6713,360
6714,2124
6715,6068
6716,1222
6717,1136
6718,6667
6719,756
6720,2565
6721,3379
6722,193
6723,647
6724,2600
6725,1431
6726,1102
6727,2826
6728,5515
6729,5054
6730,6852
6731,3673
6732,2456
6733,2216
6734,5146
6735,5569
6736,2717
6737,4139
6738,2914
6739,1185
6740,4197
6741,3304
6742,5872
6743,5118
6744,362
6745,1490
6746,4031
6747,926
6748,5606
6749,1702
6750,4860
6751,6312
6752,2467
6753,3593
6754,1840
6755,3992
6756,187
6757,2375
6758,5359
6759,3245
6760,4493
6761,966
6762,205
6763,542
6764,6874
6765,108
6766,981
6767,2182
6768,1618
6769,1041
6770,3065
6771,2832
6772,245
6773,775
6774,395
6775,976
6776,1823
6777,270
6778,48
6779,5822
6780,1652
6781,2661
6782,1472
6783,2738
6784,4044
6785,4181
6786,4664
6787,3407
6788,4277
6789,3716
6790,4804
6791,2935
6792,1023
6793,1647
6794,4458
6795,531
6796,1657
6797,3734
6798,3251
6799,6424
6800,3743
6801,2023
6802,723
6803,3156
6804,5228
6805,6522
6806,6421
6807,2658
6808,6625
6809,2444
6810,1278
6811,3777
6812,1592
6813,1449
6814,4624
6815,3119
6816,6128
6817,5097
6818,4212
6819,2648
6820,4028
6821,3416
6822,6850
6823,1554
6824,142
6825,6624
6826,4938
6827,3698
6828,6440
6829,2129
6830,2838
6831,5338
6832,768
6833,6242
6834,6411
6835,2055
6836,2628
6837,3359
6838,1833
6839,2766
6840,4271
6841,3819
6842,6893
6843,1712
6844,3170
6845,4740
6846,2117
6847,1885
6848,2416
6849,3837
6850,5243
6851,4064
6852,2276
6853,514
6854,3882
6855,2516
6856,6374
6857,1578
6858,5552
6859,6273
6860,5153
6861,4109
6862,271
6863,4575
6864,1782
6865,4170
6866,4443
6867,3466
6868,1214
6869,4603
6870,4577
6871,5273
6872,3976
6873,6517
6874,853
6875,2431
6876,6955
6877,415
6878,1316
6879,5912
6880,6698
6881,2558
6882,1632
6883,1420
6884,2142
6885,6622
6886,5700
6887,5871
6888,2570
6889,5296
6890,374
6891,4168
6892,3342
6893,2376
6894,1197
6895,97
6896,5123
6897,4228
6898,4857
6899,4388
6900,2307
6901,674
6902,3601
6903,2943
6904,2695
6905,526
6906,421
6907,1561
6908,1135
6909,608
6910,6453
6911,1294
6912,4696
6913,6481
6914,2924
6915,3952
6916,3305
6917,5382
6918,5136
6919,5684
6920,3616
6921,4564
6922,6193
6923,6528
6924,4852
6925,1493
6926,4174
6927,2090
6928,4918
6929,1432
6930,4878
6931,1717
6932,4993
6933,174
6934,6059
6935,1022
6936,3800
6937,4454
6938,2934
6939,4165
6940,1679
6941,3274
6942,6078
6943,5735
6944,2894
6945,5782
6946,5594
6947,4142
6948,5530
6949,2893
6950,4637
6951,1428
6952,826
6953,1943
6954,6809
6955,3333
6956,4955
6957,3198
6958,373
6959,2621
6960,5914
6961,475
6962,2100
6963,2329
6964,4232
6965,681
6966,5087
6967,1134
6968,6204
6969,3944
6970,4235
6971,4384
6972,2891
6973,6191
6974,5402
6975,3624
6976,4930
6977,3680
6978,3988
6979,5752
6980,1532
6981,2085
6982,5400
6983,4093
6984,317
6985,4223
6986,5982
6987,2732
6988,5177
6989,6503
6990,1248
6991,1809
6992,4342
6993,1551
6994,2343
6995,427
6996,6708
6997,102
6998,4158
6999,385
7000,6029
