"cart_ID","prod_ID","quantity"
"505","6975","3"
"5477","9814","1"
"1045","9189","3"
"4366","899","10"
"3829","9570","1"
"3650","6615","9"
"3513","181","6"
"4881","3403","8"
"2557","4689","6"
"1104","9110","7"
"1553","5796","6"
"4399","812","8"
"2028","4034","1"
"4064","5864","5"
"3374","6968","10"
"446","7463","7"
"5269","8836","7"
"2104","6126","3"
"4764","9936","6"
"6755","7497","2"
"4929","3547","7"
"6295","3350","5"
"786","6118","5"
"5290","742","2"
"2511","5453","2"
"726","4198","5"
"5538","5172","5"
"3973","5556","6"
"1618","8489","7"
"6089","8167","4"
"2626","2716","7"
"5545","6097","5"
"2852","3491","9"
"3986","7046","4"
"3549","1031","6"
"1308","5254","8"
"354","10000","4"
"3268","5369","3"
"1993","4614","10"
"5807","1117","4"
"342","7414","4"
"1554","5601","9"
"3316","451","7"
"4118","7608","2"
"3240","494","1"
"5059","9318","6"
"2183","4324","10"
"2274","6527","7"
"6395","3754","8"
"6152","2566","6"
"1738","6893","8"
"705","5081","9"
"4907","4826","6"
"5214","2280","6"
"292","6694","8"
"4211","9424","9"
"3990","6776","5"
"5308","5041","6"
"857","2156","10"
"544","5059","4"
"278","1227","9"
"5121","689","4"
"5058","9984","2"
"5120","1834","1"
"1202","8618","4"
"4516","1289","1"
"83","7743","4"
"4178","3218","4"
"4531","2382","10"
"3680","5579","3"
"1434","4199","3"
"82","564","6"
"4664","6459","2"
"6812","8619","6"
"3167","1727","8"
"3926","1066","1"
"1694","5724","5"
"1968","8329","6"
"1308","6326","2"
"4456","980","3"
"1969","7908","7"
"6889","9490","8"
"3668","5405","2"
"1028","140","4"
"6097","9609","1"
"1037","2751","2"
"3489","4492","7"
"4923","4103","5"
"2061","6875","7"
"3207","4861","7"
"4214","8968","2"
"3145","3467","1"
"1290","5261","10"
"6740","6625","3"
"3759","7551","4"
"1318","4592","9"
"4387","9437","4"
"5937","2502","5"
"4876","3606","2"
"1824","2393","1"
"1046","1885","6"
"4989","5530","5"
"1878","6899","7"
"5936","5094","2"
"1071","5508","10"
"1467","140","9"
"2787","3295","4"
"2312","4817","2"
"945","9754","10"
"5895","995","3"
"1761","3344","3"
"5239","741","7"
"3639","7450","9"
"2444","6520","2"
"2617","9754","2"
"841","2969","7"
"2187","7443","3"
"4622","5074","7"
"4834","2720","10"
"1074","8139","4"
"3247","6150","2"
"104","4489","7"
"1298","5381","4"
"3261","9589","7"
"3731","3069","9"
"1746","94","3"
"3247","6070","3"
"5587","8284","2"
"822","5939","1"
"2072","3288","7"
"1836","1513","7"
"6204","5214","10"
"3304","4933","1"
"3100","10","7"
"750","4862","8"
"1136","3123","10"
"1494","3536","2"
"5252","795","10"
"492","8596","4"
"4589","7707","4"
"2633","1624","1"
"2751","5648","9"
"4711","3383","4"
"3703","8951","6"
"828","655","6"
"1281","9829","2"
"4522","3638","9"
"6149","5483","10"
"4693","7066","9"
"1786","1728","7"
"919","4117","10"
"5493","771","6"
"4644","168","5"
"2176","7687","1"
"4781","2840","4"
"2816","7261","4"
"1260","5403","2"
"1437","4389","2"
"1588","9888","3"
"5867","8396","3"
"5351","9958","8"
"1623","8163","2"
"1134","5439","8"
"1548","7334","7"
"4443","1073","2"
"3316","3415","6"
"2736","5459","5"
"1775","3399","9"
"4591","7513","5"
"1150","441","2"
"4701","8363","3"
"4281","7669","6"
"1851","4843","1"
"457","8791","7"
"3761","9659","9"
"6684","5736","8"
"3703","8171","9"
"2434","429","9"
"1478","8469","8"
"4449","9939","4"
"6972","2835","5"
"3638","9641","3"
"2313","619","1"
"4226","5403","10"
"292","4014","6"
"520","6335","8"
"6930","6757","6"
"5390","327","7"
"6061","2835","7"
"6244","9888","7"
"6164","7921","6"
"2163","2597","1"
"3590","5879","4"
"596","8026","10"
"1457","696","6"
"1845","9394","10"
"2594","6921","1"
"1696","221","3"
"6363","2735","4"
"228","1963","2"
"350","8858","10"
"2420","419","4"
"2673","2398","2"
"4753","8859","8"
"49","1731","5"
"6191","841","9"
"814","4823","3"
"3133","5736","6"
"278","5171","1"
"3675","8840","2"
"6992","9942","2"
"4724","5587","5"
"1810","4062","3"
"4798","2635","9"
"4123","2719","4"
"4134","8725","5"
"2384","5796","2"
"4634","8184","9"
"1457","1662","6"
"3008","8689","4"
"2660","4999","4"
"621","7775","10"
"4326","637","8"
"5989","9097","7"
"1007","6858","1"
"4825","6869","9"
"2513","6905","1"
"6629","6817","9"
"6013","7507","9"
"6392","2027","1"
"2086","5283","1"
"1017","8815","3"
"2590","8878","6"
"241","1246","9"
"4949","517","4"
"2417","3744","1"
"4431","5819","5"
"4903","5874","2"
"5863","2434","5"
"4038","6031","2"
"2324","6730","7"
"1855","7363","5"
"5325","2892","2"
"6629","7220","7"
"2701","3057","3"
"2225","1082","9"
"6425","4668","2"
"526","6022","7"
"12","9541","1"
"3158","4006","10"
"3895","9800","2"
"4034","1149","8"
"792","5243","1"
"5373","388","4"
"2674","5785","8"
"887","2892","7"
"4489","1163","7"
"3999","5999","3"
"6484","508","7"
"2811","7684","8"
"1034","211","6"
"566","5113","7"
"4629","4950","2"
"4360","2760","7"
"6409","8559","1"
"5504","9933","1"
"2363","184","9"
"3125","5746","1"
"6297","9542","9"
"2356","9534","7"
"5140","6822","1"
"6030","7956","1"
"30","262","10"
"6298","8373","5"
"4399","9321","2"
"6356","5613","5"
"4894","5566","5"
"6914","9316","1"
"4049","8292","2"
"4747","5306","1"
"373","2189","3"
"3963","7393","6"
"840","5830","10"
"1464","6847","5"
"3147","2313","3"
"5931","6607","4"
"4443","2518","4"
"4427","8834","2"
"3973","56","6"
"1154","9326","5"
"6706","5800","4"
"5030","5867","8"
"5935","1171","4"
"5525","1940","2"
"5142","663","2"
"6244","651","9"
"1243","4740","1"
"5636","7587","1"
"1379","1991","6"
"2082","9615","8"
"12","1331","2"
"3626","577","2"
"3604","5341","1"
"427","2302","9"
"1535","8912","3"
"10","9855","8"
"6085","6010","10"
"1718","704","7"
"874","895","10"
"3356","8363","8"
"4632","4199","10"
"6393","6279","4"
"4712","646","1"
"6077","7916","10"
"543","2706","5"
"259","5418","3"
"6764","7189","7"
"5518","9414","7"
"3153","1630","4"
"3530","1577","6"
"751","3667","8"
"1953","9252","4"
"5079","8379","9"
"3482","1010","4"
"3705","4476","4"
"4369","1662","2"
"1105","574","7"
"6763","9220","3"
"5753","5709","6"
"6411","3863","7"
"3143","8833","9"
"1788","4878","5"
"6239","386","1"
"923","6354","10"
"527","4397","3"
"1617","1759","10"
"967","7946","1"
"4182","2015","8"
"2132","1579","6"
"3610","6442","1"
"3935","2099","3"
"2973","2667","2"
"276","7491","3"
"664","8021","7"
"934","9894","2"
"1415","5107","10"
"4617","1453","6"
"4360","6211","1"
"6476","5270","2"
"6344","1940","5"
"1344","3434","8"
"4166","145","3"
"3780","6001","7"
"6392","4218","4"
"5497","1782","2"
"2267","8041","5"
"2858","9855","5"
"6149","3726","5"
"5313","6431","8"
"3203","4226","6"
"2308","2130","5"
"4075","5697","1"
"1785","5220","8"
"1151","5444","2"
"5984","9164","8"
"5788","5176","1"
"6007","7531","8"
"307","9190","5"
"3623","613","1"
"1671","7633","7"
"338","7842","5"
"4458","1454","8"
"6505","1977","4"
"3695","7229","5"
"1434","7560","3"
"651","7355","3"
"3142","7806","10"
"6126","4809","4"
"6487","2196","8"
"4094","7393","6"
"1738","1225","7"
"1151","2346","2"
"1738","1257","6"
"560","1650","3"
"702","9649","10"
"2552","6558","7"
"4777","2946","8"
"6047","2043","2"
"3835","739","5"
"5359","3052","3"
"527","152","3"
"685","8326","1"
"2638","4153","6"
"6677","8350","7"
"44","482","5"
"4147","2180","4"
"4682","6022","4"
"4174","3288","3"
"4777","1351","7"
"3570","9855","10"
"2122","9433","8"
"5406","6837","4"
"2533","7422","4"
"941","4809","1"
"2023","3955","10"
"90","1084","2"
"5039","9207","6"
"5418","8631","8"
"5630","7759","6"
"1363","2682","10"
"2271","507","2"
"1593","6912","10"
"2609","1190","2"
"1257","6297","7"
"5156","9395","8"
"939","7929","8"
"5162","2439","8"
"6287","9453","9"
"6661","3156","1"
"5359","3278","5"
"3971","2299","2"
"3821","9248","5"
"3917","3513","2"
"4817","1313","2"
"3278","8386","2"
"4482","1501","4"
"5958","21","3"
"4861","2603","3"
"3763","2983","4"
"2403","6902","7"
"1860","242","5"
"3926","8700","2"
"1539","5379","5"
"449","2833","8"
"3548","7913","8"
"4409","2083","5"
"4738","6442","2"
"6000","5869","1"
"4556","5002","5"
"6574","5714","2"
"2765","1482","7"
"3840","5052","1"
"2841","9833","9"
"1496","4135","2"
"2675","3832","5"
"652","7416","1"
"2571","5953","7"
"6252","3310","8"
"3341","6373","7"
"1590","3846","5"
"1163","7994","8"
"4082","8761","8"
"3595","7791","9"
"261","7963","5"
"1637","7386","6"
"2882","7774","8"
"3354","2352","3"
"3818","4092","10"
"2798","916","2"
"5863","8261","8"
"3393","2326","4"
"2017","4367","9"
"2569","392","9"
"3001","3927","2"
"5885","2041","6"
"4328","1398","3"
"6288","5846","3"
"3138","9316","4"
"3331","3160","2"
"6458","2559","5"
"1157","1883","6"
"502","6169","4"
"3642","2841","10"
"2326","4582","3"
"4204","7221","4"
"1782","2434","9"
"4749","2546","7"
"6263","1864","7"
"70","692","6"
"319","8256","10"
"757","9697","9"
"5959","3190","8"
"1882","1757","1"
"4098","2510","6"
"2835","9372","3"
"586","4037","6"
"3921","8936","3"
"206","4489","10"
"1157","2013","8"
"1834","7345","4"
"3010","6037","9"
"3577","2910","3"
"105","4824","9"
"1125","4506","6"
"6890","5567","5"
"72","925","8"
"6186","3864","8"
"6169","6118","4"
"6044","7758","2"
"4723","8593","4""cart_ID","prod_ID","quantity"
"6923","7790","10"
"6046","7069","2"
"6114","4724","10"
"6558","7919","1"
"3742","1091","3"
"283","450","1"
"2197","7095","10"
"6298","3279","8"
"5700","5601","5"
"4546","1251","6"
"468","9787","10"
"4781","5137","3"
"3640","5418","10"
"6444","8134","1"
"2907","6801","2"
"3379","5234","3"
"1202","9452","1"
"721","4830","5"
"6862","2402","1"
"608","95","2"
"985","2733","1"
"4464","3503","10"
"1686","671","10"
"5873","7112","9"
"5025","2840","10"
"5039","7066","2"
"446","4588","5"
"2280","9248","6"
"1751","336","2"
"4338","4810","9"
"987","7883","4"
"1144","7807","1"
"5526","4113","2"
"3287","1122","9"
"279","8380","7"
"3163","6330","6"
"4732","1111","7"
"1729","6853","4"
"3048","6302","10"
"2614","4339","1"
"3208","6550","7"
"6910","1805","10"
"5866","1764","10"
"105","7807","3"
"2768","8980","5"
"545","9299","7"
"5485","3606","8"
"5069","107","7"
"6073","1495","6"
"1048","5973","9"
"6976","8123","10"
"2522","3591","7"
"2462","5862","10"
"1150","2401","2"
"6349","4052","9"
"1182","2811","5"
"5275","1687","4"
"2852","3447","6"
"818","3234","3"
"3933","4578","2"
"701","376","5"
"3644","3444","2"
"1013","5902","5"
"1949","1881","5"
"2197","9287","8"
"6035","9169","5"
"4369","2663","1"
"4931","9993","7"
"2452","5177","7"
"5727","9359","9"
"2693","9441","3"
"2189","8681","4"
"4163","359","1"
"5686","5303","1"
"6317","6854","6"
"6666","4805","7"
"1934","5088","3"
"1868","2331","4"
"4436","6406","7"
"1920","6012","9"
"3921","1330","5"
"3595","6507","1"
"4794","932","7"
"4875","754","1"
"3684","3043","8"
"2982","6010","9"
"1822","5259","7"
"5055","7571","8"
"119","5648","7"
"1279","3697","2"
"2410","4603","4"
"4859","388","9"
"2065","9318","2"
"4637","8980","6"
"2890","7071","5"
"1426","2456","10"
"3548","4864","10"
"442","8549","4"
"5430","4063","4"
"3480","8650","5"
"3733","8124","4"
"518","1876","5"
"1848","1886","6"
"1470","7306","4"
"3020","4488","8"
"5645","2056","9"
"4423","7570","8"
"1028","4458","7"
"1387","4572","6"
"2571","8841","1"
"4164","2516","5"
"1280","5539","1"
"789","7269","1"
"3555","4390","4"
"2776","7067","4"
"4427","8208","8"
"1668","249","8"
"241","2585","4"
"5442","1492","5"
"2926","3692","3"
"6241","3219","5"
"5369","9343","1"
"6093","71","8"
"2231","9085","3"
"4533","3870","6"
"4898","3512","3"
"3330","5465","9"
"1861","6898","3"
"3857","431","3"
"4947","6143","2"
"6446","563","8"
"3571","3998","2"
"2987","3636","4"
"5697","8366","2"
"2750","341","1"
"6048","8748","9"
"4716","3816","9"
"4734","8870","3"
"1335","5961","2"
"506","74","4"
"986","3247","3"
"4633","7840","5"
"582","8038","5"
"3636","5427","10"
"6093","2427","10"
"1644","6835","5"
"803","71","3"
"4146","1759","8"
"5364","3797","6"
"345","6836","4"
"4635","1471","8"
"411","2266","1"
"2758","7073","4"
"973","7846","3"
"2561","9668","1"
"4208","5342","10"
"3536","5386","7"
"6983","4966","4"
"6871","3113","2"
"1905","2838","9"
"5947","3149","1"
"4633","3099","7"
"2525","8279","4"
"3837","6347","3"
"6248","6998","10"
"4685","8427","7"
"5271","6440","4"
"3474","9947","9"
"5066","4145","7"
"2490","9253","10"
"2489","3317","8"
"3882","9414","8"
"1860","7010","10"
"5499","4839","8"
"4517","6806","10"
"4218","5087","2"
"4264","9715","10"
"4784","5456","5"
"1882","8049","4"
"6411","4308","7"
"2605","4812","4"
"3523","2410","10"
"1388","4458","7"
"1808","3218","9"
"81","6916","1"
"2907","2759","9"
"2709","7265","1"
"748","1021","6"
"5955","7758","4"
"1942","4367","9"
"2815","9811","6"
"3473","3403","8"
"4816","4174","1"
"1792","3624","6"
"4594","123","9"
"3378","3144","1"
"5277","2465","8"
"2527","6772","6"
"2855","9142","8"
"5342","82","3"
"5632","7674","3"
"6144","7705","3"
"3650","422","8"
"6401","7302","6"
"1910","1596","1"
"1992","6069","6"
"3513","623","7"
"4602","9311","7"
"6745","8271","6"
"6068","2973","3"
"759","7804","5"
"4660","1842","6"
"1045","8738","1"
"5716","1612","4"
"2533","4501","10"
"6700","1760","5"
"389","2654","3"
"6388","1618","7"
"6467","1725","5"
"434","3928","10"
"3822","6860","1"
"5188","7148","6"
"3212","6594","5"
"3087","3230","3"
"6524","4124","10"
"3534","8873","10"
"4813","1420","6"
"3743","3395","5"
"273","9861","10"
"1973","9052","3"
"737","8353","3"
"6023","2875","4"
"2440","6922","10"
"3020","5208","4"
"4330","1616","2"
"193","4234","2"
"5153","9835","7"
"4892","5827","3"
"6500","2283","5"
"4336","1719","9"
"1757","3761","2"
"1624","6289","1"
"6413","6457","6"
"6863","1277","2"
"4519","6776","3"
"6108","9185","2"
"936","8791","1"
"5738","5396","6"
"2007","9220","9"
"5512","3317","7"
"1249","7718","8"
"5492","3189","9"
"6424","7847","4"
"374","943","6"
"4038","1887","9"
"6769","5087","5"
"2168","6953","9"
"6636","2592","6"
"2561","5077","3"
"1042","9764","5"
"5406","8855","5"
"6941","5337","9"
"2739","897","1"
"3963","6080","3"
"6188","8966","10"
"6798","1403","3"
"3278","541","4"
"302","537","9"
"4642","395","8"
"4622","469","10"
"4044","1434","2"
"2064","4529","7"
"3285","994","8"
"2995","8440","9"
"6847","2353","5"
"5189","5375","6"
"273","4777","3"
"2755","9565","2"
"6767","762","9"
"6805","29","3"
"115","9488","6"
"2355","2023","9"
"2348","6204","4"
"839","5144","5"
"3452","4302","3"
"5228","6486","2"
"446","4625","3"
"1660","3635","2"
"1177","4315","10"
"6841","1512","4"
"277","3608","2"
"4411","7621","7"
"2195","3627","9"
"5096","2256","8"
"4055","7651","6"
"4855","6697","2"
"5565","8439","5"
"4064","7612","5"
"4283","5418","6"
"6892","7930","4"
"5263","2503","8"
"1384","8232","8"
"1260","5283","5"
"4742","6575","2"
"6331","6035","5"
"2406","1739","10"
"6416","192","1"
"4056","2782","9"
"3602","2462","8"
"2773","5301","3"
"6164","6201","3"
"3041","3804","4"
"293","4905","8"
"4492","2700","4"
"3506","6191","10"
"4642","9561","10"
"3195","3141","7"
"5118","9320","4"
"4022","6379","3"
"6268","3847","10"
"6911","8097","9"
"4397","7860","9"
"6060","6457","5"
"6550","5012","10"
"1894","3245","8"
"5695","3645","7"
"4590","8328","10"
"3963","464","1"
"4758","8068","10"
"499","1804","10"
"3495","5573","1"
"3033","851","9"
"5697","206","5"
"5833","6194","8"
"40","9442","5"
"2314","3167","2"
"6402","5989","10"
"6744","5365","9"
"3664","3309","9"
"4608","2170","6"
"3895","5244","1"
"1147","1748","10"
"2719","7343","5"
"5503","5931","5"
"3953","6334","8"
"4741","2864","9"
"5051","844","5"
"929","6344","10"
"598","8221","2"
"951","5906","10"
"3750","6877","6"
"6779","6105","8"
"2238","8647","8"
"2844","4974","5"
"2304","4920","2"
"5607","3972","8"
"487","584","2"
"2408","384","3"
"2171","3603","8"
"3545","63","9"
"3990","2596","2"
"1192","9737","9"
"2139","8631","9"
"6740","7086","8"
"6849","5116","9"
"6941","2493","4"
"2075","3589","4"
"4000","6719","7"
"4578","5816","9"
"5108","2487","4"
"448","6222","2"
"3487","7228","7"
"6976","2373","7"
"2151","5077","5"
"5987","1696","7"
"6280","1919","5"
"6947","5388","2"
"2479","3018","1"
"2540","9408","8"
"1057","2805","5"
"6810","1568","6"
"1007","846","8"
"6075","7136","4"
"3740","9080","6"
"3659","1482","1"
"489","357","7"
"730","478","10"
"3436","5514","6"
"862","3995","1"
"2956","6291","2"
"790","9399","5"
"4228","5189","10"
"6162","5569","9"
"2286","7961","7"
"6667","5738","7"
"2247","2059","10"
"1857","5866","10"
"3996","2975","1"
"4219","521","4"
"298","9912","7"
"137","61","2"
"1068","6623","7"
"2102","5449","3"
"863","3853","3"
"609","7204","9"
"5345","3393","4"
"3173","7042","6"
"1504","515","3"
"6998","8737","1"
"3443","1272","10"
"6070","2796","5"
"5951","7480","10"
"2454","7293","7"
"575","579","10"
"3620","2330","9"
"5513","8665","7"
"3317","1944","1"
"1104","9743","5"
"2847","8307","10"
"6719","4579","9"
"6495","3655","2"
"283","1176","4"
"1278","7695","10"
"6244","1711","7"
"6347","453","10"
"6052","9915","4"
"3904","5868","6"
"6043","3662","5"
"455","5817","8"
"832","5221","1"
"31","4598","4"
"6625","8173","10"
"1589","315","6"
"983","4630","3"
"3397","3043","6"
"3774","9053","8"
"2760","1740","9"
"447","6397","8"
"2280","2311","1"
"78","9412","6"
"1533","676","9"
"219","8191","7"
"2085","4892","6"
"3561","4112","10"
"6081","9513","10"
"5357","3890","1"
"4368","5189","2"
"6564","708","3"
"395","6636","4"
"421","607","7"
"5152","5098","4"
"2594","2982","10"
"371","6001","8"
"3779","3396","2"
"5523","7312","4"
"2619","1317","10"
"3908","4685","7"
"3042","1884","5"
"3819","2202","10"
"2401","3046","10"
"5805","1443","5"
"816","3889","10"
"99","297","1"
"1593","8395","7"
"4302","2509","6"
"3657","6414","9"
"6472","6161","2"
"563","297","3"
"4298","4325","8"
"2483","5896","1"
"3991","9788","10"
"2447","8860","7"
"838","101","10"
"6668","3485","10"
"1835","3881","1"
"3223","4969","4"
"4077","6047","7"
"2660","304","7"
"4405","1257","10"
"4333","6323","10"
"1556","3645","4"
"5583","8500","5"
"6630","478","8"
"1920","6203","1"
"6640","994","3"
"6566","8923","4"
"3013","8311","4"
"2255","6349","2"
"1516","3308","6"
"410","9446","6"
"6846","3875","10"
"5065","7183","10"
"1709","9609","1"
"6477","8413","8"
"5911","4920","3"
"278","1267","10"
"6545","8386","1"
"2502","4753","2"
"4154","2940","6"
"179","9687","6""cart_ID","prod_ID","quantity"
"3749","2549","6"
"5372","2659","1"
"4395","9850","5"
"1673","7940","1"
"4852","4903","5"
"2174","4531","6"
"5196","9765","1"
"2516","1641","7"
"5659","8806","4"
"3169","1128","4"
"5629","9976","3"
"88","5052","5"
"6993","5838","5"
"6108","9087","9"
"4997","7784","9"
"5563","2775","6"
"3103","2444","7"
"4610","8578","6"
"2790","4992","3"
"5237","6746","8"
"5452","1902","5"
"5746","2340","9"
"1730","8824","8"
"4143","8403","9"
"1335","7249","4"
"5218","9764","5"
"1496","7733","3"
"73","8759","4"
"2454","8102","6"
"5639","9678","7"
"5198","9202","6"
"5442","9243","5"
"763","9416","1"
"3641","8144","4"
"3509","2421","9"
"2332","1933","1"
"3203","8113","7"
"4122","4875","3"
"3203","6598","9"
"4594","574","4"
"4112","7642","3"
"4435","5668","1"
"6515","4912","1"
"2654","4841","1"
"2308","651","3"
"5094","9580","10"
"4345","570","9"
"982","6837","6"
"4154","1437","1"
"46","6960","8"
"5309","9924","7"
"2419","4499","4"
"2036","3477","2"
"2197","4924","4"
"6313","6663","1"
"3889","2331","6"
"6715","5366","9"
"3796","7974","7"
"4568","3614","2"
"1636","1493","4"
"4430","2667","9"
"1074","9223","2"
"4271","4064","10"
"705","4898","10"
"4072","2531","3"
"2","1873","6"
"3049","4813","3"
"6839","2735","4"
"6890","4801","8"
"5107","550","8"
"3713","9166","3"
"5838","2345","8"
"5173","8344","5"
"5617","5584","7"
"1839","8989","2"
"4551","3928","5"
"376","3235","8"
"1716","1221","6"
"1067","230","10"
"1218","3407","4"
"4588","1200","6"
"3691","3200","6"
"3664","2729","1"
"40","8828","9"
"6818","4285","2"
"5935","3279","6"
"6345","9540","3"
"4824","6063","9"
"6155","5269","7"
"3872","5449","8"
"629","3900","8"
"1540","2085","7"
"4511","5284","5"
"1223","2131","1"
"6877","5729","1"
"2731","1383","4"
"1701","1028","6"
"5082","3978","3"
"5579","6771","1"
"1429","4229","8"
"1143","1645","10"
"5346","5985","7"
"1087","7579","3"
"4368","7341","1"
"5103","6786","9"
"6804","8358","8"
"1416","7259","5"
"5894","9901","2"
"1054","9597","2"
"950","3405","1"
"2614","3856","1"
"6522","3583","2"
"5160","6171","10"
"6581","3046","7"
"2731","4824","9"
"885","66","5"
"3494","2910","1"
"633","9560","6"
"3436","5984","5"
"6480","2064","2"
"1744","6884","9"
"1032","531","5"
"3367","9822","3"
"2710","8040","2"
"2803","7099","2"
"1644","5312","8"
"2472","2338","8"
"227","7989","10"
"6800","1250","4"
"6753","5273","9"
"482","9505","7"
"4274","5544","9"
"1735","9194","1"
"701","8848","1"
"843","5523","8"
"5915","4623","3"
"3842","5001","2"
"6294","6954","9"
"1420","4498","7"
"1058","6232","10"
"2245","1714","7"
"6797","9693","1"
"1401","7899","2"
"1515","9951","7"
"5079","5389","7"
"2613","7081","2"
"252","3421","8"
"2179","399","6"
"6951","767","1"
"6359","7964","9"
"3772","4444","8"
"5716","5111","5"
"6685","7619","7"
"2282","61","5"
"2302","1917","4"
"3139","2698","10"
"6091","5086","2"
"5324","8427","5"
"6335","4900","8"
"4086","4165","10"
"4236","5867","2"
"1709","9205","10"
"4765","2762","3"
"840","3018","1"
"3483","5055","10"
"6455","4761","3"
"3367","6937","4"
"6332","773","1"
"4419","2256","9"
"2652","4697","6"
"4864","6383","6"
"2467","2299","5"
"3144","1764","8"
"5088","1288","8"
"2386","9388","5"
"800","4097","3"
"2195","1722","9"
"3836","4882","4"
"4161","7856","1"
"1060","9141","10"
"2480","3092","1"
"5357","2418","9"
"628","5013","6"
"2806","4539","3"
"5373","3870","5"
"307","5005","3"
"6347","8316","1"
"1249","5981","6"
"1182","8514","8"
"4710","8007","9"
"4481","3572","3"
"2389","3039","5"
"160","6719","5"
"2892","6522","4"
"2867","3985","10"
"3056","7105","5"
"3314","8334","4"
"3693","4987","4"
"2966","3691","1"
"6451","9628","5"
"1324","2215","9"
"1174","1722","5"
"6980","3629","8"
"1002","2582","1"
"2813","2856","6"
"1560","5486","3"
"6201","5997","10"
"2888","3108","6"
"2699","1252","8"
"6407","232","1"
"2669","2958","8"
"5384","3015","9"
"677","8409","8"
"2034","4448","8"
"908","3530","3"
"46","7470","3"
"6623","8617","1"
"4490","4724","7"
"4346","3532","5"
"6401","9118","4"
"6001","5530","3"
"74","1696","6"
"3840","933","1"
"5266","160","1"
"532","8996","7"
"2069","9582","7"
"3728","3590","9"
"4484","8761","2"
"4866","2104","4"
"4232","8505","4"
"443","2372","2"
"2381","1415","2"
"23","3135","5"
"3860","3580","9"
"3164","1287","9"
"2011","4148","3"
"5108","6744","6"
"566","2670","3"
"5476","4579","9"
"2438","3474","9"
"6380","2474","1"
"5654","2141","8"
"5214","1007","6"
"419","6181","9"
"5098","8013","5"
"1608","5077","4"
"910","7575","6"
"3435","6148","1"
"2204","4538","7"
"2253","116","1"
"1871","2938","7"
"1115","8819","1"
"3937","8041","5"
"6715","9820","3"
"5392","9009","8"
"3814","5207","3"
"1090","9425","8"
"669","1775","10"
"5249","4406","6"
"5409","6626","10"
"3006","1418","4"
"4401","2094","6"
"6254","6884","8"
"1726","9701","10"
"2084","9642","3"
"1877","8064","4"
"2684","9930","6"
"5704","4357","2"
"4811","1385","5"
"4423","3290","4"
"2332","2450","8"
"2114","998","5"
"2466","8193","2"
"4285","2131","8"
"4545","3211","8"
"1838","5371","1"
"4766","1324","1"
"919","6285","9"
"5405","4320","5"
"332","4460","9"
"1524","8","2"
"2955","8440","10"
"4771","9783","5"
"3873","1434","8"
"3698","3212","7"
"5231","6364","9"
"3240","2619","2"
"4749","688","1"
"3886","299","6"
"732","8273","3"
"2529","6218","7"
"5370","8816","8"
"6504","3448","2"
"3379","9972","4"
"2550","8779","7"
"5838","5082","4"
"1117","5163","4"
"4909","3997","10"
"3743","6304","6"
"2070","8862","4"
"5095","4712","7"
"5932","3150","10"
"4402","131","10"
"2258","6561","3"
"1844","6755","8"
"5849","5318","4"
"1370","5216","3"
"5323","9743","10"
"6503","9228","8"
"3641","8693","3"
"56","4204","4"
"4795","9332","3"
"861","4223","4"
"6263","7761","4"
"927","3185","9"
"717","6709","6"
"931","486","4"
"4270","3331","5"
"3572","6682","3"
"6267","1017","2"
"5032","9986","2"
"6631","7309","6"
"113","9913","8"
"2799","9649","1"
"6782","6974","7"
"5101","9820","3"
"5903","5546","7"
"6644","8818","10"
"6607","5329","6"
"3208","5902","6"
"2982","5412","1"
"605","5176","6"
"1718","2070","10"
"5965","8423","3"
"597","8489","7"
"2444","6694","10"
"2328","5740","2"
"5227","9763","2"
"6715","4007","4"
"4628","5233","9"
"768","6600","4"
"6368","7142","2"
"4437","5774","4"
"4577","597","7"
"1764","7851","2"
"5649","3006","10"
"6325","1260","9"
"2731","626","5"
"1437","6414","8"
"5974","4501","5"
"2207","175","1"
"4426","2642","6"
"4497","2834","1"
"1045","6143","3"
"124","9706","5"
"5082","2674","7"
"2698","673","2"
"6039","2186","4"
"1597","2702","3"
"1767","2199","3"
"6884","1032","7"
"5893","9647","5"
"3548","9050","10"
"6469","1658","10"
"1273","6965","10"
"4167","6659","10"
"5267","7009","3"
"3082","8826","9"
"5936","1041","3"
"2989","7833","6"
"2649","4336","9"
"2818","9193","4"
"3744","7538","8"
"5646","6822","4"
"6667","7763","6"
"4619","9418","3"
"5671","771","8"
"3894","6329","3"
"6892","6869","10"
"5463","9970","5"
"2692","6348","9"
"4954","6837","7"
"1955","3060","4"
"1655","2936","9"
"4118","4744","3"
"3556","3891","9"
"743","7791","4"
"2543","9904","5"
"4369","6342","1"
"1183","1537","10"
"1892","8545","1"
"3141","677","3"
"2251","690","3"
"1785","3800","2"
"3270","2370","1"
"6954","1265","9"
"663","5963","5"
"4043","1336","8"
"247","7466","9"
"4785","753","4"
"4656","2305","10"
"3158","706","7"
"5414","5924","6"
"5631","3852","4"
"3428","1990","10"
"6229","4629","8"
"821","8202","7"
"3487","5124","1"
"455","6471","2"
"600","7527","4"
"6222","2594","5"
"2980","236","2"
"2492","5309","7"
"1887","2607","5"
"618","8365","6"
"2647","7422","5"
"43","2147","1"
"3477","8728","7"
"2171","6399","5"
"1831","55","5"
"4767","1231","2"
"2458","4586","3"
"2437","9734","1"
"5441","2665","6"
"2621","9595","10"
"2232","6755","5"
"3084","4417","10"
"3668","2649","7"
"5885","125","2"
"6404","5293","8"
"6827","643","2"
"6161","3274","4"
"3303","8734","6"
"543","2104","2"
"4509","9590","2"
"6380","8581","1"
"4798","8169","3"
"4128","1080","9"
"5041","2385","1"
"276","1933","8"
"960","5627","2"
"449","5137","5"
"91","3744","4"
"2116","5114","2"
"4579","7689","2"
"2664","2950","7"
"6408","3251","8"
"1792","2974","5"
"4625","9798","10"
"1100","7697","10"
"4291","5190","10"
"3987","3386","7"
"5007","1041","1"
"457","646","2"
"31","8325","10"
"2538","5252","10"
"184","8205","5"
"1837","3752","10"
"3682","4009","9"
"5738","8057","10"
"5041","6332","9"
"2712","7318","1"
"1449","9205","4"
"6556","5069","8"
"2069","3186","9"
"5181","8557","4"
"6336","5615","9"
"6961","8352","8"
"4228","7462","5"
"1521","2396","1"
"2823","6877","9"
"2045","1698","4"
"2606","7701","5"
"5432","3887","1"
"1832","8587","8"
"4757","9716","4"
"2094","6741","2"
"640","1023","8"
"1637","6976","5"
"4235","2729","9"
"1906","8450","6"
"44","2809","8"
"2910","4572","4"
"3027","6245","9"
"2953","5509","7"
"3159","6194","8"
"2102","6995","7"
"4384","3743","3"
"1094","9414","1"
"3223","2670","2"
"2474","4447","2"
"2848","8631","2"
"1463","2253","1"
"855","8181","1"
"269","6068","4"
"2849","2303","1"
"4250","1491","10"
"3601","8838","4"
"5862","9877","8"
"2358","52","5""cart_ID","prod_ID","quantity"
"3076","6126","2"
"4424","9706","8"
"1328","914","7"
"6100","4435","9"
"4733","1304","6"
"2510","5406","5"
"6581","4078","1"
"1255","6057","2"
"2928","8877","6"
"2739","4131","4"
"901","6087","3"
"2444","6720","3"
"391","4583","1"
"2850","3053","10"
"1870","1322","3"
"2011","1409","6"
"5512","2370","7"
"2097","7241","8"
"3023","3625","1"
"1436","814","9"
"5324","2810","7"
"2981","6680","5"
"5413","9345","2"
"1299","8336","9"
"3786","2056","9"
"890","5866","6"
"829","4905","3"
"1942","450","9"
"5181","3512","2"
"4547","8770","4"
"914","6774","9"
"2725","6541","1"
"5001","1531","7"
"5433","100","5"
"5544","6585","6"
"5096","1688","6"
"4693","8223","1"
"4124","1994","1"
"521","8117","10"
"3813","9518","7"
"1494","6571","2"
"2307","8519","5"
"5852","8778","7"
"6967","7903","9"
"6148","1294","7"
"91","641","8"
"3975","9383","2"
"1878","6348","5"
"3351","7893","9"
"3092","2224","10"
"3205","4844","5"
"3454","2953","9"
"4246","5341","8"
"2242","784","6"
"2357","9272","8"
"3720","8598","8"
"630","9439","3"
"2885","1270","3"
"2426","2949","9"
"1564","5028","7"
"5566","6156","2"
"1087","2652","7"
"5132","4931","6"
"610","6478","1"
"6202","5214","7"
"6315","9526","3"
"23","5560","1"
"3285","3885","9"
"4139","6953","1"
"4021","8678","4"
"135","5582","5"
"2383","8310","3"
"3286","3564","5"
"5739","3464","5"
"637","230","6"
"6165","7682","10"
"5410","2860","4"
"3874","5235","4"
"1058","5056","1"
"2442","8176","4"
"2471","5671","2"
"912","8578","8"
"4041","2262","2"
"3266","3637","4"
"195","6966","8"
"1551","7649","5"
"4600","5950","6"
"1652","6564","8"
"3289","5891","10"
"1675","3234","6"
"3143","8701","9"
"2673","4385","1"
"2963","9596","2"
"3581","3806","9"
"3796","6546","10"
"6776","8252","2"
"1437","9543","9"
"4656","9460","2"
"4354","4352","2"
"5645","4694","4"
"6827","1466","1"
"5504","4625","1"
"6759","391","7"
"2334","309","10"
"4986","6111","5"
"3535","95","9"
"1313","2591","5"
"2454","2696","10"
"3253","1338","8"
"6941","635","4"
"2900","2318","8"
"6183","4632","1"
"3965","9920","4"
"5449","1887","2"
"2713","6164","6"
"1264","6423","7"
"225","6824","6"
"3194","7876","8"
"2045","6041","9"
"3188","7138","10"
"353","3676","9"
"4469","2174","3"
"2242","5730","3"
"4960","3825","5"
"6079","6813","10"
"5634","9111","4"
"1397","907","9"
"2907","2027","6"
"5210","8819","10"
"1183","3193","4"
"1450","9625","7"
"3291","7151","8"
"3945","8943","8"
"2324","8944","2"
"3234","4676","5"
"2367","6860","7"
"4240","797","10"
"1383","740","4"
"2569","8099","10"
"4476","2878","7"
"4788","1241","3"
"4032","5463","10"
"1165","4774","2"
"1788","3942","6"
"2590","4955","6"
"1178","3854","10"
"3835","9061","1"
"1215","5781","1"
"6568","1138","5"
"4096","6106","5"
"5566","2791","2"
"1574","5321","1"
"4470","188","6"
"886","971","6"
"1473","4959","1"
"6092","1242","4"
"3711","4964","4"
"3142","7554","2"
"652","6344","3"
"782","6179","4"
"1611","7720","1"
"3011","5038","8"
"1074","9012","3"
"1852","1779","5"
"3268","2805","9"
"1164","7768","9"
"6301","6452","1"
"2837","4086","6"
"5076","5856","6"
"3377","4719","3"
"3078","1698","10"
"2669","4450","1"
"2949","7509","10"
"1820","2527","10"
"2224","3655","6"
"737","7894","8"
"6720","329","7"
"5334","4985","7"
"3067","5712","9"
"948","125","5"
"4983","1959","2"
"2964","9079","4"
"3298","9514","10"
"2011","7052","1"
"4867","3601","8"
"5078","8701","4"
"5653","5231","4"
"5491","9417","8"
"6863","5415","1"
"2573","4022","5"
"1825","7950","10"
"1953","9266","6"
"3110","916","7"
"967","6698","1"
"566","7118","4"
"6104","1930","4"
"4886","7670","5"
"3988","1825","2"
"1689","3878","7"
"4287","5421","3"
"4093","4241","9"
"5185","4105","8"
"30","8452","6"
"5666","7552","4"
"5006","713","2"
"4079","6080","4"
"5055","3876","5"
"5957","5078","4"
"4307","6834","10"
"2382","3855","5"
"6623","7934","6"
"3872","2653","5"
"6781","3331","10"
"767","6804","5"
"1854","9685","5"
"3757","6458","6"
"5598","8551","7"
"4160","7939","6"
"5647","4717","9"
"442","6717","3"
"4645","1127","6"
"5438","2172","10"
"2072","8376","10"
"5692","7630","1"
"3960","9509","8"
"6744","3390","1"
"2442","5546","4"
"834","1569","3"
"4717","3612","5"
"5952","1836","5"
"1061","4036","10"
"5362","9963","6"
"5964","5431","5"
"2331","8592","2"
"4938","1832","5"
"5922","3281","9"
"2757","8988","2"
"6514","15","4"
"5570","719","7"
"744","3051","10"
"3043","698","8"
"4248","7411","1"
"4825","7283","9"
"3673","4260","9"
"2861","4349","3"
"838","3521","1"
"5939","6436","3"
"3813","2548","9"
"943","269","4"
"3778","1340","5"
"3196","5782","1"
"5453","5474","2"
"3364","9640","2"
"4109","5339","4"
"5737","4603","7"
"5948","3620","6"
"5991","3359","3"
"6572","9395","10"
"5321","4954","10"
"1028","3722","7"
"4136","238","7"
"4257","6048","3"
"6000","6009","7"
"5019","2607","8"
"3973","3824","1"
"5794","3042","9"
"5976","9241","4"
"5675","9689","10"
"5382","9003","10"
"1654","9240","1"
"2890","6301","9"
"6785","6264","10"
"6251","2052","1"
"1323","1239","8"
"3507","7567","9"
"6801","9789","8"
"4440","8965","6"
"635","6529","3"
"2375","9975","10"
"6278","5710","6"
"1048","4112","5"
"483","149","6"
"3725","2208","4"
"6309","7471","4"
"3909","487","6"
"6245","7118","7"
"4491","820","1"
"365","6372","9"
"1205","8717","10"
"535","9350","2"
"6892","1832","10"
"5742","682","10"
"170","8703","1"
"3015","964","2"
"4128","7319","6"
"323","7132","4"
"3418","2270","8"
"3714","9555","7"
"371","3451","3"
"3710","53","9"
"1354","4941","8"
"892","63","10"
"3371","9388","5"
"5857","6270","7"
"1017","4378","6"
"5712","683","10"
"4726","4625","4"
"1238","538","7"
"3054","9444","9"
"5137","6580","1"
"1934","5894","6"
"2017","3403","3"
"198","80","8"
"6094","1545","2"
"3131","2570","4"
"150","4583","1"
"2952","1211","7"
"1447","8056","2"
"6217","5594","4"
"4979","8771","5"
"2926","9239","4"
"1559","7073","10"
"2337","30","4"
"477","6866","1"
"2369","5705","6"
"1893","704","1"
"1762","1495","2"
"2737","2337","4"
"4560","2511","2"
"2264","1993","7"
"4390","8221","2"
"512","4604","10"
"4255","8592","1"
"5548","2220","1"
"1550","6221","10"
"1534","2146","5"
"507","8000","7"
"4145","1757","4"
"4326","3669","8"
"6281","5104","5"
"4193","9615","4"
"6591","6393","6"
"5910","4727","3"
"2556","4089","1"
"2151","1341","3"
"2051","1400","2"
"1229","5902","10"
"4599","1578","10"
"6667","9042","1"
"6028","4800","1"
"4843","2231","9"
"1510","8335","9"
"4973","6480","6"
"3294","8725","4"
"1806","4586","7"
"1557","6991","1"
"4062","3839","6"
"3281","3696","5"
"5655","6535","7"
"3759","8338","10"
"6294","3419","8"
"2853","8107","1"
"3707","6966","8"
"4577","7136","5"
"4014","5157","2"
"1905","5735","2"
"529","6635","4"
"1053","3348","4"
"3157","5965","10"
"1774","2414","8"
"4356","6630","9"
"3772","3050","6"
"6480","4594","5"
"2233","4517","6"
"6429","1601","7"
"6541","7878","5"
"3218","8357","3"
"5805","7997","1"
"4379","3830","2"
"4875","61","9"
"658","1878","8"
"3037","3118","10"
"2538","2220","6"
"3825","7027","2"
"4196","8205","9"
"122","1266","5"
"6826","7271","2"
"2792","8064","4"
"848","4581","4"
"6707","327","8"
"3107","2892","1"
"5687","9948","10"
"1","5079","9"
"2847","6052","1"
"4191","8230","3"
"2681","2140","6"
"2291","5980","2"
"1777","9592","4"
"4799","4402","5"
"3271","7101","2"
"6207","7894","8"
"1974","1617","9"
"2999","8680","10"
"4985","7289","2"
"5630","1735","7"
"3552","5242","8"
"6206","3677","3"
"5924","9659","8"
"4218","9143","3"
"3640","1585","3"
"6859","5420","7"
"3992","3992","9"
"2800","1739","3"
"3488","1589","3"
"2473","8520","6"
"2409","5242","6"
"6925","4226","7"
"1169","9868","6"
"557","3904","3"
"2276","7568","7"
"5960","7215","4"
"3856","3810","2"
"4060","8108","2"
"1581","4954","10"
"2723","4549","3"
"1458","7284","10"
"510","2667","1"
"6863","4556","9"
"2737","8480","5"
"1906","8732","7"
"4195","7060","9"
"4594","3417","9"
"4409","6025","3"
"2861","3285","6"
"2664","3990","8"
"6473","4335","9"
"4177","83","8"
"2453","5088","6"
"5129","5949","7"
"3356","829","1"
"6113","4520","2"
"2031","5732","9"
"45","5574","4"
"3816","9748","6"
"1657","5688","2"
"2809","988","6"
"5416","7895","1"
"5108","5291","6"
"734","4021","8"
"6640","7173","6"
"642","533","9"
"1103","4567","9"
"3824","742","2"
"1642","7598","2"
"5076","6378","7"
"4028","6627","1"
"3114","104","4"
"6204","7521","5"
"3732","5057","9"
"6212","6796","4"
"6937","6305","3"
"5948","4216","4"
"705","7642","5"
"4045","6882","5"
"2189","6927","5"
"2589","3971","6"
"5419","8792","2"
"3123","9867","3"
"2592","9041","2"
"4951","5814","8"
"4839","7213","10"
"2742","1404","8"
"1973","3338","10"
"2118","6968","8"
"6477","1364","6"
"2818","5734","1"
"1752","1256","2"
"6986","5989","6"
"6587","4403","8"
"3523","8312","10"
"4787","4797","8"
"1784","1281","1"
"517","4495","5"
"1560","6649","9"
"6492","9579","1"
"3402","8106","8"
"5201","7295","7"
"5686","7424","10"
"1006","1507","1"
"2394","802","2"
"5680","9490","6"
"2305","2260","3"
"2485","2068","6"
"2965","4798","6"
"620","6668","3"
"6290","3053","5"
"6623","8587","1"
"2368","2554","7"
"2599","410","6"
"4097","2271","3""cart_ID","prod_ID","quantity"
"4355","516","9"
"662","227","1"
"6560","5501","9"
"1676","8775","8"
"2001","1986","5"
"5152","3383","10"
"1172","3869","3"
"2599","5485","10"
"1483","3631","9"
"6245","9812","8"
"2213","3964","8"
"4376","5845","4"
"704","2418","6"
"5523","6205","7"
"1544","4343","5"
"5281","5303","9"
"6978","9341","9"
"5980","7516","7"
"268","329","4"
"1140","352","4"
"4654","5796","4"
"3136","3114","4"
"3865","8206","1"
"2581","8082","6"
"6087","3478","4"
"4274","3058","2"
"959","9884","6"
"1156","2545","3"
"6857","7098","5"
"2556","1413","4"
"6451","5926","10"
"1852","5974","4"
"857","8962","5"
"5901","1085","1"
"146","6627","10"
"2572","1386","1"
"2241","9496","9"
"2214","203","9"
"2670","9139","7"
"3258","7606","7"
"4514","3674","2"
"5466","2042","10"
"3054","8793","8"
"5702","4453","1"
"4810","3472","3"
"5862","3289","4"
"4350","7985","9"
"5585","3301","9"
"2452","382","9"
"78","4355","10"
"5873","6041","2"
"3868","7966","4"
"4054","6118","2"
"1516","654","8"
"1180","752","1"
"3332","3123","4"
"803","6040","8"
"745","4909","1"
"1186","9550","3"
"470","5411","8"
"6671","3287","10"
"6311","8481","2"
"779","1989","5"
"1375","658","8"
"5381","3155","9"
"5079","8054","5"
"6652","1557","8"
"1658","4647","10"
"485","7242","1"
"1484","4489","3"
"5884","8804","6"
"2213","9234","6"
"4545","9198","2"
"5176","4108","5"
"3333","6381","1"
"1731","1350","9"
"3388","3781","7"
"6974","9514","7"
"3256","8265","9"
"5280","3332","9"
"2931","5168","2"
"2879","9828","8"
"4888","4566","9"
"2434","9765","5"
"3299","1400","2"
"3275","4265","8"
"4149","6470","9"
"3454","5318","9"
"2403","6770","2"
"4189","9492","4"
"3124","7545","3"
"6936","5216","9"
"4997","316","8"
"1367","7460","7"
"2595","7274","6"
"3900","4507","7"
"2428","9712","9"
"982","9366","5"
"903","6983","4"
"3974","296","7"
"5587","9693","8"
"5745","5238","10"
"1638","4506","4"
"2636","4047","10"
"5204","3310","10"
"3508","5743","3"
"1113","6830","10"
"4722","7405","1"
"312","2514","2"
"2034","9149","10"
"6163","9809","5"
"4818","7871","6"
"655","2801","6"
"4579","2785","10"
"6778","6249","6"
"1231","379","7"
"194","3810","2"
"5546","1635","1"
"573","1771","8"
"40","1624","9"
"4050","8258","6"
"4083","1559","8"
"5596","3652","5"
"5981","5516","3"
"545","5013","1"
"5266","5432","6"
"6784","3782","10"
"1725","4355","2"
"2114","3938","7"
"4110","4026","9"
"1882","6687","4"
"3900","9338","6"
"779","6396","10"
"1527","1465","3"
"222","3379","3"
"6943","1011","2"
"2345","6255","6"
"6114","8528","6"
"2155","1378","2"
"1628","7884","5"
"2492","674","3"
"5976","8482","9"
"317","6355","6"
"1452","3203","9"
"6071","1097","5"
"2565","3024","4"
"669","7121","2"
"4792","5358","7"
"1901","4052","7"
"744","2377","9"
"1359","9850","5"
"2501","2739","4"
"2325","1116","9"
"2039","1017","10"
"4625","5659","10"
"3142","8109","1"
"6348","5283","4"
"4574","324","3"
"408","8179","2"
"4063","7840","5"
"3340","5992","6"
"3560","8481","6"
"3538","9547","8"
"6362","2238","7"
"6900","3690","6"
"5639","9568","3"
"4504","2432","3"
"3315","8592","8"
"6160","866","3"
"3139","5589","4"
"1548","2993","7"
"6821","3295","4"
"5713","7093","10"
"4749","2918","4"
"4833","935","9"
"6764","2561","6"
"449","9895","2"
"3868","207","9"
"3300","2855","6"
"5273","2105","10"
"3509","8099","10"
"2983","5363","5"
"3319","2089","3"
"4106","8909","9"
"3780","3087","5"
"833","9717","7"
"10","2765","4"
"5560","3999","1"
"5532","1311","8"
"5584","3616","5"
"1034","1924","4"
"5341","131","6"
"3199","6526","7"
"5214","684","5"
"6113","3252","9"
"4877","8327","1"
"824","3379","4"
"88","2136","8"
"679","409","7"
"6836","238","2"
"6644","3080","9"
"3930","4433","4"
"6061","8753","2"
"1611","8172","8"
"4588","2072","3"
"3509","8900","10"
"1400","8376","10"
"3862","7261","9"
"3946","9128","5"
"6284","5915","7"
"2573","7934","2"
"5981","4876","6"
"6996","8839","4"
"1471","2663","7"
"3850","8772","4"
"6218","9772","6"
"6466","6972","8"
"2032","44","8"
"6795","9005","10"
"6125","5335","8"
"2498","4088","7"
"6889","4022","8"
"293","2553","7"
"4907","109","7"
"3177","7004","2"
"2112","1745","8"
"4900","9964","10"
"2101","1497","5"
"6208","1246","10"
"2170","3268","4"
"3022","5805","6"
"6866","4046","3"
"2111","3607","4"
"2267","7993","8"
"2909","7651","10"
"790","108","2"
"3746","2953","7"
"6232","6759","2"
"2378","9410","9"
"6340","7719","2"
"6400","267","9"
"1997","9004","9"
"3349","1673","7"
"28","2318","4"
"6452","9648","3"
"190","2039","6"
"6559","6251","7"
"2362","6207","7"
"4974","1167","8"
"6780","5428","10"
"5765","7736","8"
"2083","3566","9"
"3067","7418","3"
"6103","5386","3"
"559","7406","6"
"5798","620","9"
"3305","8655","8"
"2682","4642","2"
"250","5153","7"
"6519","6474","8"
"844","1643","2"
"4079","2193","7"
"179","5497","5"
"2744","9381","1"
"1457","3754","4"
"4424","1171","2"
"2402","6091","8"
"2132","9179","7"
"1191","5612","9"
"603","5065","9"
"3256","9284","9"
"3017","8601","9"
"2342","2266","4"
"2585","318","8"
"5166","8913","5"
"3684","6774","1"
"6327","2206","2"
"747","5591","3"
"1175","1506","3"
"5149","5726","5"
"1068","6290","2"
"594","6246","10"
"5690","5732","4"
"2629","2882","8"
"6620","2467","7"
"3696","119","8"
"5086","8006","9"
"5830","4171","8"
"5484","792","2"
"16","6826","6"
"6309","6592","3"
"2472","9402","9"
"2100","3169","6"
"3824","613","8"
"655","6073","9"
"1569","7419","1"
"6286","5085","7"
"2501","557","2"
"2926","7593","6"
"5819","7945","9"
"4347","9908","1"
"325","5199","8"
"135","4309","5"
"3329","5408","8"
"4009","5827","6"
"3975","5120","8"
"155","1914","3"
"3760","6331","2"
"4269","8122","4"
"4395","5819","1"
"3307","1530","5"
"3946","7007","1"
"6112","5834","6"
"3363","4505","4"
"2075","2283","3"
"6213","3503","1"
"5281","4455","8"
"5493","7804","2"
"1743","7104","2"
"2442","3865","7"
"5837","4543","3"
"5355","9836","5"
"4247","9257","10"
"6015","6621","9"
"4297","3211","9"
"4433","7386","8"
"5888","718","4"
"509","9186","10"
"1924","5983","5"
"1244","1460","2"
"6548","829","1"
"460","5240","8"
"2537","7476","9"
"1030","3243","10"
"1468","2202","4"
"914","7692","7"
"3953","901","4"
"4177","4600","9"
"1408","870","6"
"2686","36","4"
"1153","8243","8"
"3916","4121","9"
"2954","7069","1"
"914","6034","5"
"2657","6706","3"
"5293","8708","1"
"6720","2579","6"
"358","7199","10"
"5596","8205","7"
"1538","9223","4"
"5762","3498","8"
"4064","8272","1"
"6593","1685","4"
"6251","7891","10"
"5980","6854","5"
"535","4800","3"
"5915","5306","7"
"4816","4815","2"
"5251","1292","9"
"6673","437","4"
"505","3595","3"
"6168","9336","10"
"2467","8033","2"
"2164","4775","4"
"5437","4216","4"
"1454","8369","1"
"567","5936","3"
"1151","3217","3"
"3524","9675","7"
"3905","8383","3"
"2246","5035","6"
"4706","3015","1"
"3282","3150","5"
"643","5089","2"
"4332","6033","3"
"678","7238","1"
"2245","3870","5"
"896","9547","1"
"4518","3646","7"
"4209","7255","9"
"4262","5710","6"
"175","6192","7"
"6300","4900","4"
"5205","2044","5"
"1116","1434","9"
"6888","8724","1"
"1785","2160","9"
"3162","8243","8"
"5631","4641","10"
"4827","5027","3"
"6562","467","7"
"6014","5083","3"
"1028","1634","10"
"1204","2050","1"
"6403","3476","3"
"1735","6932","4"
"5178","3475","10"
"440","8597","7"
"2669","3501","5"
"373","9624","10"
"1979","5186","5"
"6867","55","3"
"1666","2538","10"
"5071","1406","3"
"1176","9254","5"
"3343","6255","3"
"1539","8730","3"
"3524","8050","10"
"2490","3368","4"
"3667","7711","4"
"6850","147","10"
"1665","3198","8"
"5888","5759","7"
"2225","3632","2"
"1855","9388","1"
"4901","6516","6"
"725","6868","2"
"5366","8525","7"
"1722","4708","7"
"5841","2458","2"
"2534","7553","6"
"734","8447","2"
"540","2648","8"
"6951","2087","5"
"1471","915","9"
"446","2936","10"
"5944","4829","6"
"4437","6484","4"
"6362","9040","2"
"3919","1972","9"
"6436","9733","10"
"4724","1222","3"
"1992","7390","8"
"3710","7671","8"
"3664","1437","9"
"516","2634","2"
"1205","4689","6"
"6383","8079","5"
"6591","5563","7"
"2615","6914","3"
"2898","1535","9"
"4301","3597","8"
"3652","6788","2"
"5379","1630","4"
"1404","2202","6"
"5845","6309","10"
"190","350","9"
"333","8454","3"
"4231","9301","10"
"3810","3355","3"
"919","8075","5"
"1421","5386","1"
"6250","1157","5"
"16","2301","5"
"6973","4648","5"
"1435","3317","6"
"4825","3103","8"
"4693","8271","9"
"5142","1520","6"
"4762","2927","1"
"3501","1062","1"
"4515","5698","7"
"4264","1776","10"
"3714","3938","2"
"1525","5614","1"
"3325","8598","9"
"6226","1241","4"
"6748","4446","10"
"6654","9491","5"
"5093","8252","6"
"2836","8888","3"
"3602","8232","2"
"323","491","9"
"1927","3519","8"
"6208","8814","2"
"1389","2495","10"
"5399","2117","10"
"3243","385","2"
"3953","3337","2"
"6569","2823","9"
"6437","1248","6"
"4794","2552","4"
"4291","6194","7"
"5489","6716","3"
"5199","8232","10"
"994","3410","6"
"951","9110","8"
"1678","9686","6"
"3587","5043","10"
"1663","7226","9"
"2105","3127","5"
"2242","9120","10"
"2528","536","10"
"2822","7403","5"
"2550","5794","10"
"93","7124","4"
"1702","487","2"
"2145","3772","4"
"6096","4198","1"
"2034","2995","5""cart_ID","prod_ID","quantity"
"312","3116","5"
"2927","7306","4"
"6087","8356","8"
"303","3571","2"
"5492","1397","3"
"6555","5299","2"
"432","9395","1"
"614","7751","9"
"18","2711","6"
"3511","9563","2"
"6469","6463","9"
"5906","5669","2"
"1380","62","7"
"1934","8333","1"
"4879","8154","1"
"2846","4221","7"
"5242","9693","9"
"2318","8215","8"
"1051","5766","2"
"5684","1525","8"
"3448","3494","5"
"6021","5521","9"
"6398","2539","2"
"2649","4914","3"
"5974","6907","7"
"4895","1757","2"
"1932","749","1"
"1839","7642","6"
"6219","3988","4"
"6659","8892","10"
"2884","9593","5"
"2852","1006","10"
"4885","4203","4"
"1258","193","7"
"1932","8884","5"
"2120","4571","4"
"6307","6608","5"
"6299","3160","6"
"3800","533","3"
"6474","358","6"
"2875","7901","7"
"157","9812","4"
"4771","1481","7"
"2045","5176","3"
"100","2433","8"
"5266","3919","8"
"4775","3877","6"
"259","8482","2"
"1392","2113","3"
"6668","1368","7"
"72","5974","9"
"1120","7900","1"
"6623","3180","2"
"2893","7398","2"
"2944","5387","1"
"3981","5065","8"
"5787","3279","9"
"6353","928","4"
"6262","1390","10"
"1661","3915","9"
"6909","2578","5"
"6496","5803","9"
"3388","6151","4"
"6124","958","5"
"1098","1617","8"
"5602","8151","10"
"558","6746","8"
"3809","6331","3"
"5787","359","10"
"2923","770","1"
"938","899","8"
"392","6931","2"
"293","1754","6"
"2819","9939","8"
"2259","7662","6"
"5086","9201","5"
"5816","2584","8"
"6556","3721","6"
"6786","974","9"
"5736","9100","2"
"3119","2010","10"
"2059","954","6"
"3479","8198","7"
"101","6170","7"
"4877","7138","3"
"6688","7215","4"
"18","6587","8"
"6255","9298","8"
"461","6670","8"
"3237","4246","5"
"6874","1435","2"
"1776","3376","2"
"3482","2807","6"
"2410","4136","1"
"1843","82","10"
"2093","7901","10"
"5911","5695","1"
"5783","2315","3"
"5619","6893","7"
"4687","8017","6"
"1867","6914","8"
"2663","8009","6"
"4850","5843","1"
"3246","5582","4"
"3181","5660","8"
"55","853","4"
"4454","1666","8"
"1983","5111","3"
"3981","892","10"
"822","5608","6"
"1117","1582","4"
"3131","4410","6"
"6106","1647","8"
"4670","2617","4"
"1722","6874","2"
"6237","2164","1"
"6799","9085","10"
"462","8235","3"
"4486","9022","10"
"546","1980","1"
"2409","1756","2"
"6170","4262","5"
"2604","5170","4"
"4328","4047","5"
"5455","5984","10"
"6755","9661","9"
"921","7972","6"
"1074","621","8"
"5705","4515","5"
"1565","8535","1"
"5490","6277","8"
"4958","9639","4"
"4218","2564","9"
"5550","6635","2"
"4680","2057","6"
"1781","8110","4"
"1605","3898","6"
"2174","6549","5"
"5506","713","3"
"983","9766","1"
"1358","7533","8"
"6962","314","1"
"4634","7917","4"
"2605","2719","6"
"6528","837","7"
"5584","6908","5"
"921","9888","2"
"1022","9702","2"
"3358","524","1"
"2098","9766","10"
"6695","6141","4"
"5485","362","1"
"262","9563","10"
"2944","9562","9"
"6951","7310","2"
"1740","8040","10"
"3958","6219","1"
"3160","3602","3"
"2669","5770","6"
"1486","2548","5"
"2027","4225","6"
"3484","8299","9"
"4621","6883","10"
"2208","6927","1"
"3436","3191","9"
"4233","1108","2"
"4294","2066","3"
"1446","7320","6"
"3753","5926","8"
"1901","6524","8"
"1856","4965","7"
"5719","6537","4"
"3425","7249","4"
"6204","9184","10"
"5569","3878","6"
"6079","846","6"
"91","5749","8"
"6125","3904","7"
"431","7722","8"
"6201","9637","5"
"6618","519","4"
"1125","5645","5"
"6070","4127","3"
"2117","5643","5"
"2668","4629","6"
"6884","6272","1"
"5440","9185","5"
"1063","3166","10"
"6251","7854","6"
"5109","974","1"
"5342","9230","1"
"1485","8262","3"
"2755","318","6"
"6938","559","2"
"2640","2635","10"
"483","7105","8"
"5553","5835","1"
"193","3277","1"
"5382","4530","4"
"5367","6557","3"
"6261","5489","5"
"6821","3360","9"
"3851","5631","9"
"4851","5045","4"
"3382","9714","7"
"2143","5555","3"
"703","1533","6"
"5622","6366","2"
"5033","1006","7"
"3569","7602","10"
"5805","1188","8"
"4895","2028","8"
"3620","6018","7"
"3764","8458","6"
"5180","6127","7"
"3009","5323","7"
"227","454","10"
"1859","2159","5"
"657","5050","8"
"5662","2483","3"
"5120","4615","5"
"2158","3086","2"
"665","440","2"
"6635","6675","3"
"2442","4800","5"
"127","9905","1"
"5184","1402","3"
"2692","8220","5"
"6991","3972","6"
"6417","7611","1"
"2886","7342","5"
"1379","7106","6"
"2247","3929","7"
"3488","722","7"
"411","731","9"
"6087","3634","2"
"1917","8997","5"
"292","3490","10"
"3419","1638","2"
"2973","7559","1"
"1564","8452","9"
"4908","7470","10"
"5342","661","4"
"5439","7393","8"
"6088","4284","4"
"1362","4713","2"
"6159","8098","6"
"6522","5201","2"
"3538","8023","8"
"3394","7782","7"
"2987","9731","6"
"6026","1454","7"
"1392","4829","5"
"4575","4965","10"
"4213","6140","7"
"2670","2136","5"
"3722","750","2"
"6396","5365","9"
"5670","2802","4"
"4979","9736","4"
"4018","1258","8"
"1175","2263","8"
"629","5623","10"
"6635","8747","2"
"3661","5375","8"
"1858","4417","8"
"6958","7781","2"
"5666","3421","10"
"2246","4226","2"
"4586","4292","9"
"4780","907","10"
"4111","2517","8"
"3481","1755","5"
"5973","3691","2"
"3793","5147","3"
"2795","4294","7"
"5044","9820","1"
"618","8128","3"
"4489","2374","9"
"5368","1646","10"
"4235","8470","1"
"4698","3867","9"
"5545","1561","7"
"954","6974","2"
"2911","2752","2"
"6507","7121","5"
"3524","6359","2"
"3696","7955","2"
"1065","2501","2"
"3946","2870","6"
"2393","960","9"
"3435","2605","9"
"1599","4599","3"
"4783","8484","1"
"5218","5237","9"
"2647","4251","3"
"3364","3861","5"
"546","9972","3"
"6394","1142","8"
"6806","5723","1"
"32","8782","9"
"3021","8134","10"
"6549","2287","6"
"1384","4413","10"
"2303","2546","4"
"6319","908","1"
"1519","2470","7"
"3616","7920","3"
"3709","5931","4"
"1240","8151","4"
"4570","6607","1"
"4832","5199","10"
"4647","5208","10"
"6432","8468","8"
"2939","1641","3"
"4289","649","5"
"3949","9712","8"
"4009","5734","7"
"4493","5984","7"
"5339","9057","1"
"5841","1707","5"
"2624","4032","5"
"2202","852","8"
"5964","7887","10"
"3292","2485","3"
"4477","9615","3"
"1225","6999","7"
"6740","3613","5"
"3670","9756","5"
"5802","1457","6"
"253","4118","4"
"5802","1684","7"
"3334","9694","5"
"6944","6804","8"
"262","6528","2"
"6658","6","9"
"3566","1649","1"
"5605","9376","10"
"4210","8155","8"
"2052","6389","7"
"5042","360","3"
"6715","5567","5"
"342","572","7"
"6716","2561","3"
"1968","2761","5"
"6516","67","8"
"3186","2374","8"
"3055","7118","10"
"4701","4649","4"
"924","3731","9"
"4462","1855","1"
"943","4902","2"
"2424","9498","5"
"676","3681","7"
"28","9984","10"
"1941","4891","8"
"4739","7028","4"
"6669","1917","1"
"6368","5115","6"
"3963","699","9"
"258","7123","9"
"6865","279","2"
"6759","6504","6"
"5199","2291","8"
"6786","4738","10"
"734","6393","10"
"5677","4730","2"
"3728","2378","9"
"4832","4186","4"
"6420","626","8"
"190","9749","4"
"6502","932","6"
"2351","2890","8"
"2548","8818","1"
"1340","3484","6"
"370","3523","5"
"2853","7011","2"
"6584","314","4"
"5921","9459","9"
"3924","3695","3"
"6750","9892","7"
"6683","3932","2"
"1034","2100","1"
"1838","2297","7"
"3359","5489","3"
"5999","3843","7"
"1818","1698","10"
"2059","6085","9"
"730","3474","6"
"3827","4282","3"
"2227","7965","4"
"1130","8742","7"
"6207","7116","4"
"3594","6207","1"
"3955","8300","9"
"688","27","2"
"6568","1269","3"
"1974","1991","4"
"912","2941","2"
"6155","7760","5"
"1420","7812","8"
"6470","3595","6"
"4172","544","4"
"5024","161","9"
"6583","6144","6"
"3485","5037","10"
"3091","1879","8"
"6655","5818","2"
"5714","9470","4"
"6689","3878","3"
"1548","7234","2"
"704","8847","7"
"1627","8179","7"
"1992","1484","5"
"570","1113","3"
"385","4375","2"
"648","8262","9"
"5903","6619","7"
"1234","1668","5"
"2440","2385","3"
"3184","9105","2"
"6417","6332","8"
"356","9337","3"
"6511","7876","2"
"380","1987","6"
"1319","6627","6"
"4353","3494","9"
"472","9648","10"
"5107","2902","8"
"3807","1513","9"
"3570","8955","6"
"420","7157","7"
"1372","8198","6"
"363","841","4"
"112","8571","3"
"1800","9944","5"
"2670","4336","4"
"642","3430","10"
"4229","7248","8"
"6246","3001","10"
"191","9274","4"
"2113","5984","6"
"4455","8889","8"
"3800","298","6"
"4156","449","3"
"4489","434","5"
"5067","2237","2"
"1934","4392","6"
"6279","1011","4"
"3302","3939","2"
"2413","418","9"
"615","2137","1"
"1866","8464","6"
"1490","9462","7"
"782","8555","5"
"5031","8109","9"
"2886","2830","8"
"2958","1294","8"
"3480","97","8"
"3752","8515","7"
"1891","4504","5"
"1441","5169","6"
"4441","5683","8"
"5089","3024","10"
"6718","7463","6"
"519","9131","2"
"6000","8920","9"
"11","8353","2"
"4369","571","7"
"6558","4734","9"
"850","4585","5"
"4053","4598","1"
"6163","8610","3"
"6659","833","2"
"5398","3698","8"
"6618","6803","7"
"1804","8563","8"
"2416","6251","1"
"5347","7403","4"
"2432","8143","6"
"6918","3466","3"
"807","6545","4"
"1549","5440","4"
"1497","8206","3"
"183","6472","5"
"4855","526","5"
"3287","4309","10"
"6343","2832","10"
"2704","3901","8"
"2149","5934","7"
"5150","6230","10"
"2715","4621","1"
"747","1472","8"
"2938","6759","9"
"15","504","9"
"3587","6997","4"
"4352","3606","5"
"5050","5745","10"
"1067","6921","7"
"4426","1345","8""cart_ID","prod_ID","quantity"
"5775","3508","7"
"10","9749","3"
"2613","4049","7"
"3670","5470","6"
"3044","1027","6"
"6444","9176","7"
"56","6037","3"
"3517","4803","5"
"4083","2829","7"
"2454","1117","3"
"6764","9979","10"
"3262","5968","3"
"3463","1784","8"
"2092","7851","3"
"2703","5758","1"
"2926","2355","3"
"3719","5900","10"
"280","3931","6"
"2730","5950","1"
"6063","2489","10"
"6330","9093","7"
"6072","9810","7"
"2796","8397","1"
"4639","8158","9"
"1797","4991","2"
"3971","8899","4"
"1915","4669","10"
"3197","1439","9"
"6999","3221","6"
"5094","1550","8"
"2022","5682","1"
"2226","5119","10"
"4306","8268","5"
"145","7128","3"
"1330","1055","2"
"4431","7500","7"
"4388","7361","6"
"5155","936","2"
"1050","927","5"
"2832","5169","6"
"2365","5342","4"
"2943","3594","9"
"4820","2904","7"
"1783","5038","7"
"6052","4787","10"
"3515","4516","1"
"635","831","7"
"6488","8477","5"
"321","6455","10"
"584","9131","9"
"5082","8183","7"
"2000","1366","9"
"6241","8535","2"
"1562","8138","2"
"2148","8711","1"
"5344","5763","8"
"2703","615","4"
"6197","5259","7"
"3423","923","2"
"3513","7742","6"
"3394","1265","8"
"766","2601","2"
"3020","6209","9"
"3016","3788","5"
"5129","6300","6"
"4359","7470","2"
"3833","3395","6"
"5823","3454","9"
"4565","4990","3"
"3249","6736","9"
"2263","6682","9"
"6922","8890","6"
"5591","6917","2"
"2158","3400","6"
"4889","6226","2"
"2352","1918","4"
"3158","813","6"
"5898","2841","1"
"2570","4247","4"
"2520","6841","1"
"1087","1229","4"
"3030","9041","9"
"2120","263","5"
"1875","9839","7"
"4799","8553","7"
"3188","7820","5"
"961","8183","9"
"417","2279","9"
"5717","4998","5"
"6508","5677","4"
"4757","2265","9"
"6803","6551","2"
"5816","3274","3"
"366","5585","7"
"5359","5204","4"
"3097","562","7"
"3559","6412","4"
"4924","7616","3"
"2160","958","1"
"6076","7332","7"
"1147","1718","10"
"698","5221","7"
"373","8739","2"
"4694","3127","4"
"509","7397","10"
"6065","4701","6"
"3040","9135","3"
"5937","995","6"
"1118","8986","4"
"3529","8912","4"
"5484","3942","4"
"3794","5586","6"
"2358","4820","2"
"6431","5744","1"
"4053","2451","1"
"304","6099","5"
"2418","5951","4"
"6249","9197","7"
"4121","9522","7"
"471","6237","8"
"5978","4181","7"
"6999","5172","9"
"5180","8866","6"
"4492","2306","9"
"4316","6821","2"
"2051","4965","8"
"6087","2999","7"
"6102","189","10"
"777","2105","3"
"2007","9147","5"
"4515","7303","6"
"4285","3456","8"
"1279","3918","2"
"2799","5806","2"
"1453","8901","6"
"3481","6417","8"
"6788","9178","4"
"2051","7620","8"
"1277","4770","9"
"999","4691","8"
"1478","9587","6"
"6886","9524","3"
"4336","7301","5"
"2634","8481","3"
"6322","7528","1"
"6413","8934","1"
"4376","8121","3"
"3887","4544","4"
"4011","7866","1"
"925","2913","1"
"1573","8682","1"
"4821","1212","10"
"4052","7007","6"
"98","3414","6"
"135","8909","10"
"6380","2732","5"
"3475","8196","8"
"2444","6261","10"
"4786","3784","3"
"1869","6034","9"
"1849","6700","10"
"4772","7274","4"
"703","6253","1"
"6028","1922","7"
"927","3252","7"
"6112","2480","1"
"3003","3105","4"
"3873","6099","10"
"3189","4403","7"
"6407","9246","8"
"5308","5112","3"
"2247","7138","9"
"686","6477","10"
"5599","1583","5"
"5339","8636","9"
"958","8684","1"
"1157","7150","4"
"3806","1172","2"
"1343","2704","4"
"6590","4146","5"
"6769","7955","10"
"1185","1081","6"
"3045","3132","8"
"5716","7314","6"
"4661","3818","8"
"4275","7103","3"
"3399","4620","6"
"878","9228","2"
"4535","9536","1"
"5725","3869","5"
"6818","3193","1"
"5805","4903","7"
"6513","8244","6"
"2488","1778","1"
"2943","427","10"
"1785","3969","7"
"5256","796","6"
"1786","452","3"
"5326","8951","6"
"491","912","7"
"843","9435","10"
"2817","1452","5"
"89","1601","10"
"578","7816","3"
"346","1180","6"
"2670","2389","8"
"4194","9451","7"
"838","4824","9"
"1818","6112","1"
"1286","7376","10"
"6015","1615","2"
"1761","4668","3"
"2133","4355","10"
"1286","9713","7"
"5450","3283","9"
"1027","652","10"
"4186","3218","9"
"3395","7924","2"
"6307","6588","1"
"3181","8156","9"
"1679","1333","10"
"5820","8704","3"
"3563","4957","1"
"692","5088","1"
"6800","1849","1"
"4136","5411","10"
"6462","1933","7"
"6206","3514","4"
"6859","5420","3"
"2288","8875","1"
"6192","3645","8"
"558","2291","5"
"5947","4835","1"
"743","7232","8"
"908","5754","7"
"5973","4538","2"
"6728","5987","10"
"6709","5724","6"
"4165","3171","3"
"3679","5083","2"
"4109","6180","9"
"941","9608","2"
"3406","6634","4"
"4261","3986","4"
"450","8405","10"
"773","587","7"
"893","3148","4"
"2545","8890","10"
"3242","9836","8"
"3865","5522","8"
"2738","3699","4"
"3565","358","1"
"721","2778","10"
"757","6162","6"
"532","8726","2"
"6718","6344","3"
"3184","6634","7"
"4883","4323","8"
"2322","7907","8"
"6863","6161","4"
"365","7867","1"
"6115","3070","4"
"1742","9246","5"
"4490","2264","1"
"5201","3711","4"
"5527","300","7"
"3438","2858","1"
"2608","4920","9"
"6362","5642","3"
"3718","1086","10"
"5447","1668","8"
"173","7148","2"
"4974","7523","10"
"438","2599","10"
"1505","4385","10"
"448","8594","3"
"5352","7995","5"
"3557","2429","3"
"2622","2698","2"
"1419","1807","2"
"119","346","9"
"1732","3117","4"
"6833","6722","6"
"2894","7569","10"
"1577","133","1"
"2932","5856","10"
"307","6946","6"
"4039","9625","1"
"1597","8118","10"
"3972","5471","1"
"6882","4649","2"
"3701","7705","1"
"6420","1288","8"
"5434","663","4"
"5351","4811","8"
"5075","9051","8"
"1234","7836","2"
"3860","8368","6"
"1664","127","4"
"1293","176","4"
"6237","3806","1"
"6809","2139","10"
"1018","454","9"
"6819","6121","6"
"1742","270","9"
"6738","9125","2"
"4373","5880","10"
"2129","6787","10"
"2216","7357","5"
"4521","4618","7"
"2234","6411","4"
"4956","3385","2"
"3083","2691","3"
"3862","7553","6"
"2140","103","6"
"6429","9598","3"
"5503","7572","10"
"513","7620","5"
"6319","8735","4"
"4459","9769","5"
"617","9626","2"
"1723","1582","8"
"5873","81","10"
"2579","5455","6"
"2014","1234","8"
"3212","2308","4"
"1893","7716","8"
"3943","5975","4"
"216","9212","7"
"1129","2927","2"
"3402","8164","3"
"6402","8132","4"
"4483","9799","8"
"4144","4845","2"
"4240","6070","5"
"5538","7426","9"
"6905","500","7"
"6185","4584","9"
"4275","3961","5"
"4318","5835","7"
"4739","3961","5"
"2379","5142","5"
"2429","6069","9"
"4020","3199","9"
"5238","8908","9"
"1805","5351","9"
"731","4636","10"
"5506","371","10"
"6249","7736","8"
"6495","3391","10"
"831","3310","9"
"6918","252","4"
"4990","7986","6"
"5938","7084","5"
"5308","6582","1"
"5442","5557","4"
"2879","8242","9"
"831","1155","7"
"4059","8261","7"
"4949","8033","8"
"4495","6141","4"
"663","150","6"
"2543","9926","7"
"996","7753","5"
"4238","1201","3"
"2560","7789","8"
"2016","9392","1"
"1294","1915","5"
"6215","7613","2"
"1951","6152","5"
"75","5836","3"
"3729","5148","8"
"5010","1251","4"
"5698","1007","4"
"6493","257","2"
"5749","9357","6"
"929","5802","2"
"4073","5689","7"
"356","6596","5"
"177","9713","3"
"5336","9940","7"
"440","1315","4"
"2962","5256","5"
"6801","4213","10"
"5093","1359","1"
"916","8183","8"
"6631","6513","3"
"1999","4403","2"
"795","5325","1"
"4120","3541","1"
"426","2300","9"
"2967","5334","9"
"1747","2067","2"
"1418","7428","7"
"5341","6310","1"
"5742","6874","7"
"6216","837","9"
"136","8149","3"
"6793","6059","8"
"4596","4216","5"
"4562","9757","6"
"4595","9583","6"
"6831","4100","3"
"3428","195","7"
"571","7858","4"
"389","2071","4"
"4510","8979","10"
"2315","2269","3"
"3547","9972","1"
"5698","2359","1"
"5859","1438","8"
"457","1093","1"
"5491","6204","9"
"6616","848","4"
"924","5075","5"
"2568","6728","9"
"3791","4422","6"
"2325","9340","1"
"1971","2691","8"
"3065","4683","6"
"828","7556","4"
"3464","410","6"
"747","9719","9"
"3724","1482","4"
"4498","8386","10"
"6760","1996","6"
"97","850","7"
"3013","1049","1"
"3455","2896","10"
"2325","2615","2"
"2549","9397","10"
"2779","8920","5"
"3816","4675","1"
"469","1149","9"
"4594","1651","7"
"5464","8056","2"
"1859","9234","8"
"6810","7698","10"
"12","3175","4"
"5712","6784","10"
"1397","6180","9"
"2913","2459","6"
"5497","3948","2"
"4007","8430","4"
"2219","8414","3"
"2260","7236","7"
"5154","169","9"
"2862","728","7"
"1486","6661","10"
"6665","6208","3"
"6296","3140","9"
"6303","244","7"
"6991","575","5"
"5776","7771","8"
"2654","8484","1"
"5942","7073","1"
"5918","520","7"
"3840","281","7"
"3669","7412","3"
"941","614","3"
"2028","3930","3"
"3196","4994","7"
"5007","4315","4"
"2408","1274","1"
"2289","8952","8"
"1086","1858","2"
"5414","7914","5"
"2521","1833","4"
"4541","9208","10"
"6277","9812","9"
"4238","5979","3"
"1403","8304","6"
"1701","338","4"
"3982","6983","6"
"6828","5652","3"
"1090","7401","6"
"6493","7891","6"
"6380","8327","9"
"2101","7319","8"
"3396","1609","4"
"6502","3299","4"
"2925","5668","9"
"913","2330","1"
"1399","187","7"
"864","6779","7"
"4745","9342","9"
"6905","4906","4"
"1341","3038","6"
"2554","1058","7"
"2200","4147","8"
"1320","5023","3"
"3042","7097","1"
"6400","9409","5"
"2796","6141","10"
"1158","2262","7"
"1765","7688","8"
"4860","3356","1"
"1010","5985","5"
"1310","4678","6"
"196","6435","4""cart_ID","prod_ID","quantity"
"1484","7561","5"
"6440","9849","6"
"5856","3602","7"
"1414","57","6"
"4057","8757","8"
"6525","3524","7"
"5927","5585","4"
"2274","9603","10"
"6460","3996","6"
"6196","7484","5"
"4846","4995","8"
"2183","7562","1"
"1736","9889","5"
"1529","8070","9"
"3552","4130","6"
"343","2873","7"
"6417","8997","4"
"3647","3917","2"
"4865","7771","6"
"5084","4961","10"
"3031","6557","6"
"3823","6078","3"
"1405","8091","4"
"1184","2066","9"
"2124","240","8"
"5529","2332","10"
"3183","8723","6"
"3867","3526","3"
"1005","8910","8"
"6869","9791","2"
"2485","5879","9"
"2149","246","4"
"2210","2590","4"
"4264","9002","5"
"5821","2609","2"
"5953","3195","6"
"1323","3888","5"
"6131","1557","2"
"6225","9444","2"
"6213","2104","3"
"2703","3835","2"
"1981","9830","5"
"6320","9769","10"
"5701","3635","2"
"5222","7635","3"
"4604","6620","6"
"2390","4487","3"
"6071","8171","4"
"6065","8519","2"
"1866","9007","9"
"1164","7226","7"
"4859","5331","8"
"2006","4113","10"
"572","9592","5"
"5849","1014","8"
"2777","1446","5"
"1107","4977","8"
"597","5255","2"
"562","4595","7"
"2996","1544","2"
"6277","3619","7"
"2331","8454","4"
"1644","5154","3"
"349","2719","7"
"1125","3393","2"
"582","5024","2"
"3405","2974","7"
"6710","4831","2"
"5114","6887","6"
"2777","3364","5"
"1464","9125","1"
"5070","4444","6"
"2458","7640","4"
"6076","3427","5"
"4651","8246","2"
"5470","4855","8"
"5603","1998","9"
"4283","5119","3"
"714","3764","10"
"2959","475","2"
"6563","1478","2"
"6907","4191","8"
"2925","5968","4"
"2296","7737","8"
"3618","3781","6"
"1115","2553","8"
"4233","5138","10"
"6824","2099","7"
"2071","3822","2"
"2414","9715","6"
"2346","368","8"
"3558","7265","10"
"6552","6692","9"
"6015","4071","9"
"1189","3797","4"
"4999","1676","9"
"300","2833","3"
"55","5363","2"
"6014","4328","8"
"179","4562","5"
"4824","1416","6"
"64","631","9"
"4668","4518","10"
"3648","5415","3"
"3650","8221","10"
"4749","7337","9"
"5857","9347","8"
"5264","289","1"
"2105","7611","6"
"1758","8813","5"
"2696","9964","9"
"5594","8290","4"
"477","6823","5"
"6316","9983","1"
"2391","2182","10"
"525","3500","10"
"2140","7081","8"
"6176","3527","5"
"621","8974","3"
"1099","4319","7"
"2107","3995","3"
"5319","513","9"
"603","2201","8"
"1780","6151","5"
"6996","1234","3"
"4006","1210","6"
"3683","4453","7"
"1971","156","3"
"953","3162","7"
"809","3622","8"
"1133","5310","5"
"6413","8502","5"
"4394","9996","5"
"1027","1986","9"
"6887","4501","7"
"5325","195","5"
"5332","4214","9"
"2598","4525","1"
"2190","4601","8"
"2132","3336","6"
"2824","8276","8"
"3296","3680","2"
"2012","8930","1"
"789","8710","7"
"2968","8408","5"
"5280","6478","3"
"6861","977","4"
"4864","1473","7"
"832","8341","2"
"4576","6296","10"
"1610","4305","9"
"4156","4668","7"
"3457","4232","9"
"1208","1491","9"
"3341","3764","2"
"2708","535","8"
"3663","8565","2"
"2156","5898","3"
"6790","6191","2"
"3653","9310","2"
"4517","1319","5"
"5891","5570","1"
"5438","5804","8"
"3088","5741","8"
"5044","4066","9"
"4024","2777","5"
"6500","5964","9"
"3692","1031","6"
"3771","8916","1"
"339","1433","5"
"5938","7037","2"
"5128","7903","9"
"1279","9092","1"
"5225","4874","1"
"2446","9427","7"
"1720","1377","3"
"5544","5766","10"
"4637","6420","10"
"5623","4568","1"
"3490","265","5"
"6181","3576","2"
"530","4428","9"
"6892","816","10"
"6401","8813","4"
"1689","59","6"
"1217","3315","6"
"3154","4889","4"
"3343","9708","3"
"1189","6746","8"
"3592","6064","4"
"1543","2487","8"
"5276","533","1"
"2066","3272","9"
"4450","1288","2"
"3438","6615","1"
"6866","4190","2"
"5232","4996","2"
"5780","2054","1"
"6443","1409","8"
"1668","8554","8"
"303","8113","8"
"3362","3982","7"
"884","7347","10"
"2112","2734","8"
"1707","3244","5"
"763","5579","3"
"2957","8182","7"
"1189","9520","2"
"5097","5219","6"
"427","8287","10"
"1473","4391","8"
"6713","5296","3"
"714","3275","9"
"6802","1785","4"
"2587","5156","10"
"1048","7129","2"
"1145","4991","4"
"6427","5875","5"
"2482","8563","3"
"5228","2285","7"
"2636","6302","2"
"2048","5884","4"
"4098","6707","3"
"3307","8812","2"
"1956","8528","3"
"2462","3616","2"
"6765","9921","9"
"2010","4066","6"
"809","6954","2"
"299","5789","4"
"719","2955","9"
"4466","4359","4"
"6936","4572","4"
"2168","5791","5"
"1917","8564","8"
"1443","1882","4"
"6697","1363","6"
"1059","3321","6"
"867","6400","9"
"1177","3036","7"
"3589","2972","7"
"1509","9354","3"
"3746","190","4"
"3077","1739","7"
"5621","6838","8"
"1556","3439","10"
"5873","4486","7"
"4751","270","6"
"3296","3431","1"
"4958","5226","5"
"6470","870","9"
"1782","8636","2"
"2937","5541","10"
"2274","104","3"
"2217","4195","5"
"3814","1695","9"
"5571","8727","5"
"491","7106","5"
"169","9455","1"
"6144","7374","2"
"3","2377","8"
"1492","7095","10"
"3374","112","5"
"3114","4062","7"
"2511","123","9"
"4353","9263","3"
"6074","5125","9"
"2785","2924","3"
"2726","2892","8"
"189","4871","6"
"4054","5063","3"
"1345","6148","9"
"6210","5888","1"
"1133","1708","1"
"6349","1544","3"
"6403","6494","4"
"1250","5645","5"
"5572","3830","7"
"5503","4776","5"
"3782","1464","1"
"2075","6736","8"
"1735","3448","7"
"3368","706","1"
"5265","7867","2"
"3593","6266","6"
"2418","1024","8"
"210","9399","6"
"5248","3520","8"
"3519","8686","7"
"3557","5861","7"
"4661","9498","3"
"873","2570","8"
"4154","4458","1"
"2490","8409","8"
"5160","9153","3"
"2378","4928","8"
"542","7400","10"
"1677","4825","4"
"5733","7067","4"
"6195","900","1"
"5115","8588","7"
"6652","2487","6"
"6041","4642","8"
"6468","7483","6"
"5959","2704","8"
"1807","1105","2"
"2076","5467","10"
"3997","9717","4"
"1605","228","3"
"572","7021","9"
"4995","8377","3"
"1226","5396","6"
"4960","6189","8"
"2583","6540","10"
"2620","545","1"
"5911","6445","10"
"5148","5997","3"
"1630","4483","8"
"476","3888","8"
"5387","6724","9"
"4530","8992","7"
"887","4110","2"
"4362","43","9"
"6516","1497","5"
"5241","9382","10"
"3442","6216","2"
"5512","543","9"
"1110","4610","9"
"4326","7469","9"
"2222","3532","9"
"5304","2389","5"
"3286","5045","5"
"1676","6310","5"
"5618","3590","2"
"4107","8260","4"
"660","316","6"
"5164","4161","3"
"2036","963","8"
"6750","5329","3"
"1827","1715","4"
"2322","4026","3"
"4861","7039","9"
"2451","5744","9"
"6585","9082","6"
"2144","1949","2"
"2460","8682","9"
"3488","3344","6"
"5991","1025","1"
"4483","6827","8"
"3518","7404","10"
"5903","9212","8"
"5199","2137","3"
"3430","3247","4"
"6695","4034","5"
"6206","3690","2"
"5022","7378","10"
"2523","5240","2"
"5550","4278","9"
"5616","17","8"
"4011","4846","10"
"6025","4979","10"
"5012","6946","5"
"4590","4606","5"
"1558","2803","1"
"6632","4666","7"
"1872","2645","10"
"6404","819","10"
"4502","5948","10"
"3654","8576","2"
"2363","353","8"
"4560","5388","9"
"3766","3040","7"
"134","7052","5"
"6533","2458","2"
"5207","5076","4"
"1498","5114","2"
"5110","2808","9"
"6343","4196","4"
"2799","5075","1"
"651","9214","9"
"3494","2794","3"
"5411","9279","6"
"2087","2784","7"
"181","4436","3"
"1165","2140","3"
"82","3364","3"
"4554","4767","9"
"1941","3059","7"
"6651","2635","3"
"2766","6760","7"
"1550","7958","4"
"4518","5350","8"
"241","5121","5"
"2335","1491","6"
"5951","5888","4"
"4091","4041","4"
"3505","3956","8"
"3858","2409","3"
"5556","3261","10"
"5169","9182","3"
"1534","1176","2"
"2795","5830","6"
"5973","306","5"
"3361","7966","3"
"2829","371","10"
"1729","3898","6"
"6817","9982","9"
"558","3128","1"
"6157","775","10"
"4600","78","8"
"3667","8280","5"
"1903","586","4"
"2179","476","5"
"5796","24","2"
"5820","4969","7"
"3751","819","3"
"623","9585","9"
"6523","7852","1"
"682","5231","2"
"6538","1492","4"
"2842","9928","2"
"6474","2090","3"
"5128","4927","1"
"6097","6195","9"
"6284","2450","10"
"3254","365","5"
"2074","4590","8"
"6069","9837","9"
"4853","8869","8"
"606","3917","3"
"4149","9569","3"
"3698","8476","4"
"1157","2176","4"
"6544","1771","8"
"443","1618","7"
"3458","2701","3"
"2279","8748","7"
"6253","8280","9"
"5220","5197","8"
"2744","6889","3"
"1190","2210","2"
"4481","8058","10"
"3072","9057","4"
"1712","8083","1"
"6554","9401","5"
"956","52","7"
"314","8606","7"
"5250","8647","9"
"1212","6436","5"
"395","5294","4"
"6922","3826","3"
"3945","2991","5"
"930","5606","2"
"1895","5203","1"
"6674","2042","2"
"1347","8215","4"
"810","5620","9"
"5546","3390","9"
"6646","4853","6"
"4575","1510","8"
"85","344","4"
"327","7156","1"
"1864","7861","3"
"3881","3795","9"
"5267","7687","10"
"4242","2552","2"
"4942","99","5"
"3192","5177","3"
"6651","1019","9"
"1401","3644","9"
"1783","7063","2"
"5788","6386","3"
"378","2008","1"
"1709","3456","7"
"1575","4060","1"
"5254","1286","10"
"2307","7107","3"
"98","1920","5"
"2651","3549","4"
"6625","9303","4"
"361","5654","4"
"3830","5464","9"
"4179","9401","10"
"4833","9241","3"
"4357","5870","5"
"3596","6887","6"
"1130","3135","7"
"6278","8599","6"
"3320","5477","9"
"3609","7231","1"
"2083","7426","5"
"2067","4843","10"
"6220","310","1"
"1461","9021","3"
"4230","9904","8"
"1877","5666","10"
"3680","4225","10"
"4601","355","1"
"1597","4204","7"
"729","9971","6""cart_ID","prod_ID","quantity"
"5273","4764","5"
"3041","3852","8"
"2752","4451","1"
"491","2838","8"
"6822","9425","7"
"1536","6758","3"
"2258","9873","6"
"3481","6872","3"
"1016","6476","8"
"2395","8772","4"
"642","7636","3"
"2751","9076","7"
"2573","2005","7"
"2493","7942","4"
"5663","5891","1"
"2778","3082","1"
"198","5256","3"
"6605","5832","3"
"617","4533","7"
"1123","3226","2"
"5025","4212","6"
"5497","9219","6"
"1546","2639","9"
"4149","7248","7"
"5563","1100","4"
"2097","880","2"
"5609","3962","3"
"831","1800","5"
"5045","5231","10"
"1703","6278","8"
"1395","7269","4"
"4320","9570","2"
"4156","7293","7"
"2213","5313","7"
"1604","1306","3"
"504","7499","8"
"4261","9069","10"
"6762","65","5"
"5518","4280","4"
"4742","8052","7"
"6975","6384","7"
"3644","4753","8"
"3024","9579","4"
"5627","9532","4"
"1370","2246","4"
"1343","7993","1"
"6015","8249","3"
"3557","5348","1"
"1695","2573","8"
"105","129","9"
"2713","2927","6"
"2740","9243","7"
"5288","7772","1"
"2358","6072","5"
"2748","4486","4"
"6439","8506","10"
"3330","7076","10"
"5512","2133","8"
"4305","8215","6"
"2685","5809","3"
"1493","7555","10"
"5327","8410","9"
"4651","734","2"
"1604","3049","1"
"657","5446","8"
"6526","5336","10"
"3016","2592","6"
"482","8794","8"
"5924","5686","2"
"1520","5270","8"
"3008","4530","2"
"3299","7628","5"
"3779","2698","4"
"5134","3328","6"
"1978","3230","2"
"4987","8846","9"
"4337","4501","9"
"2232","6781","5"
"789","9443","6"
"1722","5357","9"
"1026","1297","2"
"2729","3653","10"
"1581","2887","9"
"2020","5004","2"
"3312","9229","3"
"4595","4945","4"
"5678","5126","8"
"6418","6143","9"
"365","7825","5"
"2738","180","6"
"3309","169","5"
"3902","1896","5"
"2835","7451","10"
"2555","320","5"
"1209","4224","6"
"1570","2696","1"
"5887","8794","6"
"1820","6628","10"
"6784","5927","10"
"4550","6951","9"
"533","2460","10"
"617","7161","5"
"2495","2659","10"
"6265","6525","7"
"988","6704","10"
"255","3087","4"
"6500","194","9"
"3248","4999","6"
"5432","6438","2"
"3477","9590","10"
"6791","5088","10"
"4221","3657","7"
"1517","4162","3"
"1505","6904","6"
"3060","9702","7"
"4986","9786","1"
"5628","744","4"
"5906","6722","10"
"473","5554","4"
"2643","8519","9"
"2214","7911","9"
"518","528","2"
"2869","5657","1"
"2805","5773","8"
"879","3500","2"
"1466","1888","3"
"834","9456","1"
"3063","2646","7"
"5540","1086","9"
"1869","4043","6"
"588","8576","6"
"3366","4362","10"
"5066","5310","6"
"4286","4375","7"
"3704","5430","4"
"1322","3373","9"
"2336","4442","6"
"522","3136","10"
"3735","7116","5"
"2023","7539","9"
"5421","6199","3"
"6911","9567","6"
"5343","5646","9"
"1848","3951","1"
"1347","3928","10"
"2212","309","7"
"413","1494","10"
"6503","105","3"
"4045","2600","1"
"4410","3134","10"
"4728","336","8"
"4077","4960","10"
"3328","6691","6"
"4441","6878","2"
"1538","2946","9"
"1704","4543","8"
"5869","1403","5"
"4092","6628","6"
"2344","1286","3"
"4713","2790","3"
"5374","3558","9"
"4858","7149","8"
"6492","1757","6"
"510","6076","10"
"773","5366","8"
"5860","9201","4"
"4014","9856","3"
"3892","31","3"
"356","7216","3"
"3022","7406","7"
"5936","147","9"
"1056","7892","1"
"1990","1519","3"
"5963","7873","5"
"1602","9180","8"
"895","216","9"
"2564","5208","8"
"4910","5082","10"
"6682","8989","10"
"6413","7997","7"
"112","3149","7"
"4720","8844","4"
"5049","2740","2"
"3328","3770","6"
"3525","5782","3"
"2462","1416","3"
"6282","7830","8"
"1539","6481","1"
"4199","1397","3"
"3469","7993","10"
"4158","9725","4"
"4178","7593","10"
"1183","5849","6"
"5594","5177","8"
"3250","3784","3"
"4191","5383","9"
"1356","1087","9"
"6318","2349","1"
"2885","5040","3"
"2925","516","4"
"4496","5969","8"
"3547","8605","6"
"5879","8050","10"
"357","9948","9"
"4268","2558","2"
"4095","7022","4"
"4003","9726","5"
"3391","9564","7"
"6194","6373","3"
"2226","6654","7"
"2492","2340","3"
"6030","3955","1"
"4050","4260","1"
"3125","6945","1"
"6961","705","8"
"2762","6712","7"
"2060","1954","10"
"2962","6759","1"
"4577","8840","3"
"589","9461","10"
"3349","4832","2"
"2218","3564","4"
"6333","8306","3"
"4111","4780","7"
"5792","5532","6"
"1178","7390","9"
"4134","4096","6"
"5573","6173","1"
"6015","9245","3"
"1375","22","1"
"4304","439","1"
"4368","5887","7"
"818","6900","6"
"102","2046","6"
"2707","9669","3"
"5745","1599","1"
"982","2364","9"
"1398","4589","2"
"125","2655","9"
"6413","412","9"
"6310","4932","6"
"2746","2337","5"
"3924","7371","6"
"4044","3811","4"
"1150","3999","1"
"2218","1098","10"
"5093","7374","3"
"3447","4757","6"
"6573","1239","7"
"4252","7028","1"
"3083","8565","8"
"6189","5910","4"
"6065","5275","5"
"3937","4686","8"
"472","704","8"
"4262","7316","7"
"723","8763","10"
"6506","579","5"
"3397","5328","4"
"6367","1911","7"
"1658","2689","8"
"6499","7912","3"
"5969","7013","5"
"2304","384","8"
"3031","9148","1"
"2984","8644","10"
"5682","8574","10"
"4743","8056","1"
"6128","8750","5"
"5089","9527","4"
"2864","1968","2"
"3144","4719","10"
"3921","5690","3"
"420","6607","9"
"5861","7683","2"
"1590","5837","3"
"694","3811","7"
"531","5844","1"
"4193","7090","4"
"359","7882","4"
"2377","5010","10"
"1653","250","9"
"1818","882","7"
"316","2909","2"
"2299","4745","5"
"1738","3095","7"
"4570","8523","3"
"410","8646","6"
"3178","2078","7"
"2863","4904","4"
"502","4687","4"
"2074","5084","1"
"1523","8179","3"
"4426","6085","5"
"6543","4781","1"
"6165","2883","6"
"2686","5806","4"
"93","6902","7"
"180","9756","1"
"3051","9522","4"
"5901","3937","1"
"4996","158","10"
"6827","5635","8"
"5195","8636","3"
"4889","2075","7"
"1096","1416","8"
"1899","7968","3"
"1814","6600","7"
"3622","9661","7"
"5157","3794","2"
"417","6453","3"
"6486","8337","1"
"563","4780","1"
"6497","9403","2"
"1256","4279","5"
"4520","6609","6"
"3017","1528","10"
"4104","5627","10"
"2285","2908","9"
"80","682","4"
"6255","9690","8"
"4422","471","5"
"2463","5435","7"
"5300","5738","3"
"3191","1321","3"
"1090","2822","1"
"6431","174","1"
"6945","4788","4"
"5850","5366","3"
"5585","1986","3"
"1748","2061","4"
"3890","8158","8"
"2633","6303","3"
"6185","5469","2"
"805","8635","3"
"6153","4766","2"
"4385","4804","10"
"6548","8462","6"
"1749","525","8"
"2160","2490","9"
"3101","4624","3"
"764","3732","8"
"5182","6246","10"
"3658","2359","3"
"336","7787","10"
"2060","7112","8"
"4821","1533","3"
"3290","5625","10"
"6829","5396","7"
"3041","9618","6"
"3404","5588","1"
"2403","7426","2"
"576","6704","8"
"2139","5226","6"
"4588","8308","4"
"3797","7182","2"
"6073","217","2"
"2218","1263","3"
"4893","7763","6"
"2315","643","10"
"1183","1085","4"
"585","7989","9"
"1693","760","5"
"3277","3970","8"
"6776","7353","4"
"3576","8303","3"
"48","82","9"
"2998","652","3"
"1034","2646","10"
"2434","4970","3"
"3102","7385","2"
"6625","8700","8"
"6230","8159","3"
"6064","3341","3"
"6303","2470","7"
"1547","3760","5"
"4121","4232","8"
"5273","9082","4"
"1860","1803","10"
"2524","8711","10"
"1960","2154","10"
"921","5861","3"
"2322","2012","4"
"5765","5600","5"
"5108","304","2"
"6691","7182","4"
"2486","4767","5"
"1651","1723","7"
"2823","9697","1"
"122","7021","8"
"5458","6848","7"
"2072","8556","6"
"6749","1845","4"
"4880","4107","10"
"1620","6300","10"
"2351","3782","5"
"5322","5844","3"
"1494","1225","2"
"5545","7663","3"
"1542","319","8"
"1355","157","3"
"2217","4489","5"
"5234","4307","1"
"5989","9514","6"
"2106","4015","8"
"376","6943","2"
"3279","9058","1"
"5934","5856","3"
"4330","4031","2"
"3018","6881","2"
"5021","1831","3"
"6891","6486","7"
"2387","5924","3"
"367","4071","10"
"4703","757","7"
"4902","3254","4"
"1249","1942","1"
"6547","1122","3"
"3766","6743","2"
"54","5080","10"
"1621","8155","5"
"483","6836","10"
"5060","7028","4"
"6665","8590","6"
"5663","9111","8"
"5345","7145","8"
"1042","4736","4"
"3502","8940","3"
"927","473","8"
"5552","7787","9"
"4608","717","3"
"5516","3420","6"
"805","4696","8"
"4190","5569","8"
"2811","2396","9"
"694","5944","6"
"6859","6323","9"
"2959","336","3"
"6441","7846","3"
"567","6642","1"
"2433","9181","9"
"2323","6564","2"
"126","8233","3"
"3038","9295","5"
"3379","6235","7"
"1240","3652","10"
"241","4190","10"
"949","4029","8"
"4599","612","4"
"2980","6917","2"
"3329","1045","8"
"2068","5817","1"
"2105","6240","2"
"6559","9108","6"
"3197","5175","7"
"5767","7496","5"
"5980","7237","4"
"1037","7845","5"
"5682","3739","6"
"3065","7298","6"
"4485","5528","9"
"941","2643","4"
"3700","5042","8"
"6909","7641","3"
"2458","7235","5"
"2246","6555","8"
"80","8985","9"
"4262","341","9"
"6929","1276","5"
"4313","4605","3"
"4817","6837","1"
"515","5846","4"
"6466","7340","8"
"478","8433","6"
"5148","2895","6"
"759","7222","8"
"3676","5335","5"
"1878","1545","6"
"6723","7423","8"
"3563","5966","3"
"1484","6482","5"
"5814","2028","8"
"6900","5736","3"
"2396","4839","1"
"2756","5465","5"
"4131","7981","7"
"1498","6716","1"
"1378","2749","2"
"2102","2509","8"
"2325","9430","6"
"5179","6288","7"
"6643","468","1"
"4539","1003","3"
"5784","9205","8"
"5539","8103","8"
"6272","3175","2"
"3522","5160","2"
"1787","1323","4"
"3947","4457","10"
"2981","6474","7""cart_ID","prod_ID","quantity"
"3281","5360","2"
"3020","2663","4"
"6605","9452","2"
"6628","4459","5"
"1562","2000","4"
"535","6502","8"
"5559","2260","9"
"6827","7879","5"
"3521","7767","4"
"3658","8779","10"
"4866","6982","4"
"541","123","2"
"4234","916","7"
"2811","9955","7"
"1653","535","10"
"1627","2308","7"
"6183","9410","1"
"890","5706","2"
"5545","9069","7"
"27","3955","3"
"5669","4739","2"
"4985","2958","4"
"3705","7190","5"
"2704","4191","8"
"4146","4121","10"
"153","5929","4"
"5609","9916","8"
"1046","8155","6"
"1680","4314","10"
"6504","4652","2"
"4054","9533","10"
"6148","1954","3"
"2223","1678","7"
"38","9611","8"
"4650","8179","10"
"4526","6319","3"
"2195","8481","9"
"2451","6831","3"
"2387","593","4"
"4917","4377","3"
"1544","6923","2"
"2053","4753","8"
"4417","222","5"
"1037","212","2"
"4978","9801","10"
"6338","5609","8"
"3514","1998","1"
"3251","1082","10"
"3522","2806","6"
"2701","3802","4"
"4368","5862","7"
"6518","3465","5"
"1942","4162","10"
"6595","8596","1"
"3785","1858","7"
"3360","7741","3"
"2768","9206","10"
"4117","9853","10"
"3045","8593","5"
"6739","3469","9"
"5155","6491","7"
"566","804","2"
"5945","9368","2"
"1661","8390","7"
"3333","4828","9"
"2436","4061","6"
"532","2511","6"
"1978","4359","1"
"2706","7401","8"
"2854","5077","2"
"4567","5929","6"
"1827","2753","8"
"3181","5188","10"
"4049","9191","10"
"3371","3706","10"
"1998","6256","4"
"438","8995","7"
"4998","7546","10"
"2262","7056","8"
"3062","2671","5"
"6655","8373","1"
"6217","4771","7"
"1381","21","8"
"6598","1061","2"
"5215","4826","5"
"3543","7512","9"
"4670","2845","5"
"1829","1287","10"
"2578","642","5"
"864","8201","8"
"4795","2303","1"
"5640","3800","4"
"331","3692","9"
"5087","2269","9"
"6029","2302","10"
"4933","7028","6"
"244","3760","8"
"35","9650","10"
"3286","1796","2"
"6363","7468","3"
"5097","7939","7"
"4332","1573","6"
"5776","712","9"
"6106","5862","7"
"3105","6232","8"
"5859","4794","8"
"97","4125","3"
"6362","5433","2"
"5239","8245","3"
"6327","2837","7"
"2219","6893","8"
"4446","3059","4"
"351","4393","6"
"545","6617","8"
"3128","7880","3"
"1028","6509","6"
"960","6031","6"
"6041","665","4"
"2025","2165","8"
"6806","239","9"
"4494","7540","10"
"3221","4464","10"
"4638","5980","5"
"4844","9859","4"
"1624","6628","4"
"1881","3197","3"
"5341","4345","8"
"2268","5242","3"
"2884","9245","3"
"6889","5113","4"
"906","5888","6"
"1525","8623","9"
"3542","3931","5"
"5359","5785","3"
"668","752","1"
"2546","3733","7"
"6316","7399","8"
"4993","1651","1"
"3043","4311","7"
"6176","7102","5"
"629","291","2"
"2776","8630","5"
"6729","9709","4"
"4900","3875","9"
"6581","8103","7"
"6081","4906","1"
"2520","3777","8"
"3331","183","1"
"467","3140","10"
"2802","2127","8"
"1264","9397","7"
"3666","9090","5"
"4843","9627","4"
"1593","6930","3"
"2536","4676","10"
"3942","4733","3"
"2216","9308","9"
"6583","4516","6"
"4093","2749","4"
"1728","7027","5"
"1859","275","6"
"2907","9374","3"
"5498","6789","1"
"6042","4815","8"
"1318","9291","9"
"5418","7172","5"
"1499","4767","10"
"4050","5238","9"
"1993","12","9"
"555","3689","1"
"3483","4338","10"
"3751","3710","4"
"1770","377","3"
"1099","2063","10"
"4366","3309","9"
"5170","3187","8"
"2309","5366","3"
"5768","1516","6"
"1008","8644","1"
"5853","8411","7"
"733","1702","8"
"1414","220","7"
"5242","7561","1"
"6422","3412","10"
"3353","2924","7"
"1849","6945","4"
"1234","6701","3"
"6196","3547","7"
"4613","9822","3"
"73","704","2"
"1683","2192","2"
"6926","9233","1"
"3105","4316","1"
"2540","8627","5"
"707","1950","6"
"3256","109","2"
"587","5721","7"
"1484","244","8"
"6998","5924","6"
"8","6402","10"
"4808","4187","1"
"6510","6804","8"
"2607","5876","5"
"1807","733","8"
"2259","5406","7"
"248","1227","9"
"935","2034","10"
"5506","1891","8"
"5159","6018","6"
"4047","8134","5"
"3372","5537","8"
"5128","3177","7"
"6213","3176","1"
"3177","5176","3"
"4692","6523","10"
"4872","4042","9"
"5967","8082","9"
"2798","7966","4"
"3216","8668","3"
"5820","2863","8"
"3287","9338","7"
"2888","5086","8"
"2155","5181","1"
"4805","7878","9"
"5867","4773","3"
"4934","8835","4"
"6338","5935","10"
"2437","2512","4"
"6519","5697","10"
"197","176","9"
"4686","8799","7"
"1295","8687","3"
"6074","5809","2"
"3698","7576","4"
"1866","7067","2"
"368","8905","2"
"6220","8231","6"
"481","7684","4"
"6659","3277","6"
"4977","1467","3"
"6849","7543","3"
"602","7723","5"
"2955","3526","6"
"1115","2535","5"
"2181","2544","3"
"1666","4027","7"
"2556","351","9"
"824","976","4"
"1505","4973","8"
"255","8103","4"
"5128","4197","10"
"1277","7425","3"
"2142","8660","1"
"4138","9862","10"
"6323","2383","3"
"1757","761","4"
"2123","372","6"
"6638","4439","10"
"1207","7704","8"
"386","1383","9"
"1880","8576","8"
"2297","8200","4"
"2039","4964","4"
"6100","7099","5"
"4920","5799","9"
"1259","2694","2"
"5349","2694","6"
"4448","6683","6"
"4081","1623","7"
"5914","4726","4"
"6057","2079","2"
"294","740","2"
"121","2406","10"
"827","2784","6"
"4650","6194","6"
"1459","500","9"
"1353","5153","7"
"5389","3175","2"
"463","5019","8"
"2508","515","6"
"1543","5244","5"
"2023","5571","4"
"3781","9233","10"
"1025","858","3"
"4442","2438","9"
"2426","3321","7"
"6333","6991","4"
"1545","7964","4"
"5175","6919","9"
"1645","5246","4"
"3158","6620","5"
"4069","614","2"
"5844","1097","9"
"2546","6480","1"
"1808","4814","9"
"1259","4060","8"
"4941","142","4"
"6256","3635","4"
"4068","3909","7"
"5470","8230","5"
"6893","6645","9"
"3475","2988","2"
"5145","8807","7"
"6897","2003","1"
"4040","235","1"
"5700","7895","1"
"2317","1621","4"
"4018","6395","6"
"2364","7191","6"
"5426","7303","10"
"416","5918","2"
"4661","2808","6"
"4300","4779","3"
"6883","2314","9"
"3880","5732","3"
"2793","9413","5"
"3770","596","10"
"3812","6258","1"
"1485","9713","6"
"2543","5202","9"
"3479","7506","1"
"6705","6489","5"
"6582","6756","4"
"3232","5283","7"
"3307","1619","6"
"5030","4290","8"
"3388","7973","4"
"4646","4163","7"
"1873","2274","10"
"1323","1309","10"
"4240","2734","4"
"474","3396","8"
"468","7284","7"
"695","9278","1"
"2127","1679","10"
"6736","5572","1"
"3465","4270","4"
"3036","8590","7"
"6573","4198","2"
"3926","6914","8"
"4505","8301","2"
"4911","8051","1"
"4633","9703","10"
"1235","9052","8"
"5913","8740","7"
"3227","5770","1"
"6097","9374","2"
"4618","7219","7"
"5067","4985","3"
"4683","4282","8"
"6742","685","1"
"6256","7194","2"
"3728","3908","5"
"2256","9850","6"
"863","103","6"
"1331","8164","8"
"6355","2021","4"
"767","1126","6"
"4299","7006","3"
"2536","8909","7"
"5304","4926","10"
"799","8669","10"
"6005","2107","4"
"5471","4769","7"
"4831","120","1"
"3493","2243","3"
"4393","3971","5"
"3292","2236","1"
"4007","2337","6"
"1468","8062","5"
"2032","4937","10"
"833","1388","7"
"1599","3304","1"
"1553","2685","2"
"4295","6894","3"
"5500","1726","10"
"2574","5436","4"
"1983","3475","5"
"6249","4393","8"
"5956","9373","1"
"6388","5784","5"
"3146","3094","6"
"6030","7115","7"
"2744","8085","6"
"5457","3029","5"
"6772","3457","10"
"71","201","8"
"4604","7191","1"
"2084","9080","2"
"1545","5282","10"
"5035","116","10"
"563","1931","7"
"3079","9777","9"
"1506","4493","4"
"402","6231","8"
"4780","6564","6"
"1010","6371","5"
"4643","3173","2"
"2311","8054","3"
"654","6395","4"
"3292","1514","5"
"1487","6800","5"
"6826","1353","5"
"3172","9589","7"
"1018","1159","1"
"6508","6911","8"
"3171","9155","7"
"700","9063","4"
"4406","5821","10"
"5784","9145","3"
"5827","958","5"
"1817","3499","3"
"4727","223","6"
"6389","3958","7"
"4638","1899","8"
"2936","9205","6"
"4281","7935","10"
"1995","2918","4"
"636","486","6"
"2892","2992","1"
"6747","4220","2"
"3198","3549","9"
"6867","8941","10"
"234","1714","3"
"4901","3573","8"
"4884","413","3"
"254","5189","3"
"98","363","2"
"1752","4238","8"
"6616","1657","2"
"6414","2873","1"
"2090","7545","6"
"1960","4585","9"
"6301","3153","10"
"2997","9919","9"
"5210","1747","8"
"5070","8054","6"
"5546","1514","5"
"490","3117","3"
"2433","5474","8"
"2935","1056","3"
"4457","5994","2"
"5698","9084","7"
"2498","8581","3"
"4236","4064","7"
"383","6173","5"
"2216","2459","1"
"907","6235","10"
"4327","3209","1"
"842","4098","1"
"3161","686","1"
"4642","3993","5"
"3622","2782","8"
"6053","8272","10"
"205","6396","5"
"2810","7024","3"
"1320","6734","9"
"2960","3467","7"
"6062","2520","8"
"5663","5358","8"
"6269","7873","7"
"1793","8154","5"
"1903","8114","2"
"2568","2505","3"
"209","2166","6"
"1696","568","4"
"1272","1648","10"
"5597","8888","8"
"2706","8055","2"
"3259","9587","4"
"2562","7567","9"
"5875","2228","7"
"5823","576","5"
"6797","257","2"
"1340","3373","2"
"232","3791","9"
"1984","4208","1"
"3963","7652","1"
"5787","9824","2"
"3313","4861","8"
"1945","9547","7"
"1066","8227","7"
"5660","6976","10"
"5891","1949","1"
"4714","5961","5"
"1395","3209","3"
"5989","845","6"
"1125","2482","4"
"3268","4905","2"
"1635","5142","7"
"6842","8395","3"
"4774","3634","4"
"2576","2954","3"
"1220","5892","8"
"5078","9017","7"
"5200","3586","7"
"4896","2420","5"
"285","6952","6"
"3385","1526","5"
"2758","7542","6"